0x803d64,Name,Description,ID,Support Class,Portrait,Map Portrait,Affinity,Unit Sort Order,Lv,HP,Atk,Skl,Spd,Def,Res,Luck,Con,Sword,Lance,Axe,Bow,Staff,Anima,Light,Dark,HP Growth,Atk Growth,Skl Growth,Spd Growth,Def Growth,Res Growth,Luck Growth,N/A,N/A,N/A,N/A,N/A,CharClassAbility,Support Data Ptr,N/A (Conversation Group),N/A,N/A,N/A
Marth,MarthName,MarthDesc,0x01,Lord,0x2,0x0,LightAffinity,0x1,1,0,2,3,3,1,0,7,0,CRank,NoRank,NoRank,NoRank,NoRank,NoRank,NoRank,NoRank,90,50,40,50,20,3,70,0x0,0x0,0x0,0x0,0x0,IsLord|UnlockEirika,MarthSupports|IsPointer,0x7,0x0,0x0,0x0
Sheeda,SheedaName,SheedaDesc,0x02,PegasusKnight,0x3,0x0,WindAffinity,0x3,1,3,1,2,8,1,0,13,0,NoRank,CRank,NoRank,NoRank,NoRank,NoRank,NoRank,NoRank,50,20,70,90,20,3,70,0x0,0x0,0x0,0x0,0x0,IsFemale|UnlockEphraim,SheedaSupports|IsPointer,0x3,0x0,0x0,0x0
Chiki,ChikiName,ChikiDesc,0x03,Mamkute_F,0x4,0x0,LightAffinity,0x7,1,8,8,8,7,3,8,15,0,NoRank,NoRank,NoRank,NoRank,NoRank,NoRank,NoRank,NoRank,80,40,30,60,0,3,60,0x0,0x0,0x0,0x0,0x0,IsFemale,ChikiSupports|IsPointer,0x4,0x0,0x0,0x0
Marich,MarichName,MarichDesc,0x04,Sage,0x5,0x0,WindAffinity,0x6,1,0,0,3,2,0,1,2,0,NoRank,NoRank,NoRank,NoRank,NoRank,SRank,NoRank,NoRank,80,3,50,50,20,3,50,0x0,0x0,0x0,0x0,0x0,0x0,0x0,0x3,0x0,0x0,0x0
George,GeorgeName,GeorgeDesc,0x05,Sniper,0x1,0x0,DarkAffinity,0x0,16,10,6,6,2,4,0,6,0,ARank,NoRank,NoRank,NoRank,NoRank,NoRank,NoRank,NoRank,75,45,50,40,20,45,15,0x0,0x0,0x0,0x0,0x0,0x0,0x0,0x0,0x0,0x0,0x0
Malliesia,MalliesiaName,MalliesiaDesc,0x06,Cleric,0x1,0x0,LightAffinity,0x0,1,10,10,7,4,5,0,11,0,NoRank,NoRank,NoRank,ARank,NoRank,NoRank,NoRank,NoRank,85,50,10,10,10,15,30,0x0,0x0,0x0,0x0,0x0,IsFemale,0x0,0x0,0x0,0x0,0x0
Ricardo,RicardoName,RicardoDesc,0x07,Thief,0x1,0x0,FireAffinity,0x0,1,10,6,6,8,4,0,8,0,NoRank,ARank,NoRank,NoRank,NoRank,NoRank,NoRank,NoRank,85,50,10,10,10,15,30,0x0,0x0,0x0,0x0,0x0,0x0,0x0,0x0,0x0,0x0,0x0
Caesar,CaesarName,CaesarDesc,0x08,Mercenary,0x40,0x0,DarkAffinity,0x0,16,10,6,6,2,4,0,6,0,ARank,NoRank,NoRank,NoRank,NoRank,NoRank,NoRank,NoRank,75,45,50,40,20,45,15,0x0,0x0,0x0,0x0,0x0,IsBoss,0x0,0x0,0x0,0x0,0x0
Tomth,TomthName,TomthDesc,0x09,LanceArmour,0x1,0x0,ThunderAffinity,0xc,1,2,5,9,6,1,0,8,1,CRank,ARank,CRank,NoRank,NoRank,NoRank,NoRank,NoRank,75,60,50,40,25,3,55,0x0,0x0,0x0,0x0,0x0,0x0,0x0,0x0,0x0,0x0,0x0
Ryan (Ch2),RyanName,RyanDesc,0x0a,Archer,0x41,0x0,LightAffinity,0x0,1,10,10,7,4,5,0,11,0,NoRank,NoRank,NoRank,ARank,NoRank,NoRank,NoRank,NoRank,85,50,10,10,10,15,30,0x0,0x0,0x0,0x0,0x0,IsBoss,0x0,0x0,0x0,0x0,0x0
Saji,SajiName,SajiDesc,0x0b,Fighter,0x1,0x0,FireAffinity,0x14,1,10,5,7,2,5,0,10,2,CRank,CRank,ARank,NoRank,NoRank,NoRank,NoRank,NoRank,90,50,10,20,40,3,60,0x0,0x0,0x0,0x0,0x0,0x0,0x0,0x0,0x0,0x0,0x0
Luke (Ch3),LukeName,LukeDesc,0x0c,AxeKnight,0x42,0x0,FireAffinity,0x0,1,10,6,6,8,4,0,8,0,NoRank,ARank,NoRank,NoRank,NoRank,NoRank,NoRank,NoRank,85,50,10,10,10,15,30,0x0,0x0,0x0,0x0,0x0,IsBoss,0x0,0x0,0x0,0x0,0x0
Rody,RodyName,RodyDesc,0x0d,DukeKnight,0x2D,0x0,IceAffinity,0x29,3,4,7,6,6,3,0,7,0,BRank,ARank,NoRank,NoRank,NoRank,NoRank,NoRank,NoRank,70,40,50,50,20,3,40,0x0,0x0,0x0,0x0,0x0,0x0,0x0,0x0,0x0,0x0,0x0
Kashim,KashimName,KashimDesc,0x0e,Hunter,0x1,0x0,ThunderAffinity,0x1f,1,10,3,6,7,2,2,4,-1,ARank,CRank,CRank,NoRank,NoRank,NoRank,NoRank,NoRank,60,30,50,60,15,5,35,0x0,0x0,0x0,0x0,0x0,0x0,0x0,0x0,0x0,0x0,0x0
Riff,RiffName,RiffDesc,0x0f,Priest,0x1,0x0,FireAffinity,0x1,1,5,2,3,4,1,2,8,0,NoRank,NoRank,NoRank,NoRank,NoRank,NoRank,NoRank,NoRank,80,55,55,45,35,25,50,0x0,0x0,0x0,0x0,0x0,0x0,0x0,0x3,0x0,0x0,0x0
Linda,LindaName,LindaDesc,0x10,Mage_F,0x1,0x0,FireAffinity,0x5,1,4,2,6,5,2,0,11,0,ARank,NoRank,CRank,NoRank,NoRank,NoRank,NoRank,NoRank,60,30,70,75,10,3,60,0x0,0x0,0x0,0x0,0x0,IsFemale,0x0,0x3,0x0,0x0,0x0
Oguma,OgumaName,OgumaDesc,0x11,Mercenary,0x1,0x0,IceAffinity,0x4,1,5,8,4,1,3,0,6,0,CRank,NoRank,NoRank,ARank,NoRank,NoRank,NoRank,NoRank,70,70,50,25,20,3,20,0x0,0x0,0x0,0x0,0x0,0x0,0x0,0x3,0x0,0x0,0x0
Barts,BartsName,BartsDesc,0x12,Pirate,0x1,0x0,ThunderAffinity,0x13,1,6,6,3,2,8,0,1,0,NoRank,NoRank,ARank,CRank,NoRank,NoRank,NoRank,NoRank,100,50,20,10,40,3,10,0x0,0x0,0x0,0x0,0x0,0x0,0x0,0x7,0x0,0x0,0x0
Eliwood,EliwoodName,EliwoodDesc,0x13,Paladin,0x31,0x0,AnimaAffinity,0x2b,1,15,9,10,9,4,4,16,0,ARank,BRank,NoRank,NoRank,NoRank,NoRank,NoRank,NoRank,80,45,50,40,30,35,45,0x0,0x0,0x0,0x0,0x0,0x0,0x0,0x0,0x0,0x0,0x0
Lilina,LilinaName,LilinaDesc,0x14,Mage_F,0x30,0x0,LightAffinity,0x2a,10,4,0,5,4,2,6,9,0,NoRank,NoRank,NoRank,NoRank,NoRank,CRank,NoRank,NoRank,45,3,20,35,10,35,50,0x0,0x0,0x0,0x0,0x0,IsFemale,0x0,0x0,0x0,0x0,0x0
Miledy,MiledyName,MiledyDesc,0x15,DragonKnight_F,0x1,0x0,ThunderAffinity,0x16,1,3,4,7,5,3,0,10,1,ARank,NoRank,NoRank,NoRank,NoRank,NoRank,NoRank,NoRank,60,30,80,60,15,3,60,0x0,0x0,0x0,0x0,0x0,IsFemale,0x0,0x7,0x0,0x0,0x0
Wolt,WoltName,WoltDesc,0x16,Archer,0x1,0x0,LightAffinity,0x17,1,5,0,10,5,2,0,12,0,NoRank,NoRank,NoRank,NoRank,BRank,NoRank,BRank,NoRank,70,3,60,40,20,20,70,0x0,0x0,0x0,0x0,0x0,0x0,0x0,0xc,0x0,0x0,0x0
Sophia,SophiaName,SophiaDesc,0x17,Shaman_F,0x1,0x0,WindAffinity,0x18,1,3,6,3,3,3,0,7,0,ARank,BRank,NoRank,NoRank,NoRank,NoRank,NoRank,NoRank,70,40,50,50,20,3,40,0x0,0x0,0x0,0x0,0x0,IsFemale,0x0,0x6,0x0,0x0,0x0
Astore,AstoreName,AstoreDesc,0x18,Thief,0x1,0x0,LightAffinity,0x19,1,6,5,6,2,4,0,5,0,ARank,NoRank,CRank,NoRank,NoRank,NoRank,NoRank,NoRank,90,60,60,20,30,3,30,0x0,0x0,0x0,0x0,0x0,0x0,0x0,0x5,0x0,0x0,0x0
Fir,FirName,FirDesc,0x19,Myrmidon_F,0x1,0x0,DarkAffinity,0x1b,1,7,8,2,3,3,0,2,0,NoRank,NoRank,NoRank,ARank,NoRank,NoRank,NoRank,NoRank,90,70,30,30,20,3,10,0x0,0x0,0x0,0x0,0x0,IsFemale,0x0,0xb,0x0,0x0,0x0
Bartre,BartreName,BartreDesc,0x1a,Warrior,0x1,0x0,AnimaAffinity,0x1c,1,1,3,7,8,3,0,12,0,NoRank,NoRank,NoRank,NoRank,CRank,NoRank,NoRank,ARank,30,3,50,60,20,10,70,0x0,0x0,0x0,0x0,0x0,0x0,0x0,0x4,0x0,0x0,0x0
Valbo,ValboName,ValboDesc,0x1b,General,0x1,0x0,WindAffinity,0x2e,1,12,14,8,4,3,-3,3,0,NoRank,BRank,NoRank,NoRank,NoRank,NoRank,NoRank,NoRank,40,20,35,25,20,3,10,0x0,0x0,0x0,0x0,0x0,0x0,0x0,0x0,0x0,0x0,0x0
Camus,CamusName,CamusDesc,0x1c,DukeKnight,0x1,0x0,ThunderAffinity,0x1d,1,0,0,8,9,1,0,13,-1,NoRank,NoRank,NoRank,NoRank,CRank,ARank,NoRank,NoRank,40,3,50,60,15,10,65,0x0,0x0,0x0,0x0,0x0,0x0,0x0,0x0,0x0,0x0,0x0
Dyute,DyuteName,DyuteDesc,0x1d,MageFighter,0x1,0x0,FireAffinity,0x1e,1,6,8,2,6,0,0,8,0,ARank,ARank,NoRank,NoRank,NoRank,NoRank,NoRank,NoRank,65,60,30,50,10,3,40,0x0,0x0,0x0,0x0,0x0,IsFemale,0x0,0x4,0x0,0x0,0x0
Valencian,ValencianExtraName,ValencianExtraDesc,0x1e,Civilian,0x1,0x0,AnimaAffinity,0x22,1,12,0,3,3,0,2,14,-1,NoRank,NoRank,NoRank,NoRank,ARank,NoRank,CRank,NoRank,100,20,40,30,10,20,70,0x0,0x0,0x0,0x0,0x0,0x0,0x0,0xc,0x0,0x0,0x0
Alm,AlmName,AlmDesc,0x1f,Hero,0x2f,0x0,FireAffinity,0x0,5,18,12,7,3,6,1,12,0,ARank,NoRank,NoRank,CRank,NoRank,NoRank,NoRank,NoRank,50,35,40,30,30,3,20,0x0,0x0,0x0,0x0,0x0,0x0,0x0,0x0,0x0,0x0,0x0
Celine,CelineName,CelineDesc,0x20,Sage_F,0x37,0x0,IceAffinity,0x11,1,1,0,4,7,1,0,11,0,NoRank,NoRank,NoRank,NoRank,CRank,ARank,NoRank,NoRank,40,3,30,50,10,10,60,0x0,0x0,0x0,0x0,0x0,IsFemale,0x0,0x3,0x0,0x0,0x0
Celice’s Descendant Placeholder,BaldoDescendantName,BaldoDescendantDesc,0x21,Civilian,0x2e,0x0,ThunderAffinity,0x0,0,0,0,0,0,0,0,0,0,NoRank,NoRank,NoRank,NoRank,NoRank,NoRank,NoRank,NoRank,85,50,10,10,10,15,30,0x0,0x0,0x0,0x0,0x0,0x0,0x0,0x0,0x0,0x0,0x0
"""Oifaye""",BaldoFriendName,BaldoFriendDesc,0x22,Civilian,0x32,0x0,IceAffinity,0x12,1,5,8,1,2,3,0,5,0,ARank,NoRank,NoRank,NoRank,NoRank,NoRank,NoRank,NoRank,65,60,30,40,20,3,30,0x0,0x0,0x0,0x0,0x0,0x0,0x0,0xa,0x0,0x0,0x0
Leaf’s Descendant Placeholder,NobaDescendantName,NobaDescendantDesc,0x23,Civilian,0x1,0x0,DarkAffinity,0x0,0,0,0,0,0,0,0,0,0,NoRank,NoRank,NoRank,NoRank,NoRank,NoRank,NoRank,NoRank,85,50,10,10,10,15,30,0x0,0x0,0x0,0x0,0x0,IsFemale,0x0,0x0,0x0,0x0,0x0
Thracian,ThracianRecruitName,ThracianRecruitDesc,0x24,Civilian,0x1,0x0,LightAffinity,0x28,1,6,5,5,5,3,1,10,0,ARank,CRank,NoRank,NoRank,NoRank,NoRank,NoRank,NoRank,85,45,40,40,25,5,40,0x0,0x0,0x0,0x0,0x0,0x0,0x0,0x0,0x0,0x0,0x0
Ryuto,RyutoName,RyutoDesc,0x25,Druid,0x1,0x0,WindAffinity,0x27,1,10,3,10,6,2,0,7,0,CRank,ARank,NoRank,NoRank,NoRank,NoRank,NoRank,NoRank,75,40,60,50,20,3,40,0x0,0x0,0x0,0x0,0x0,0x0,0x0,0x0,0x0,0x0,0x0
Edda,EddaDescendantName,EddaDescendantDesc,0x26,Civilian,0x1,0x0,IceAffinity,0x26,1,1,4,8,7,2,1,3,0,NoRank,NoRank,NoRank,NoRank,BRank,ARank,NoRank,NoRank,50,25,40,50,10,20,20,0x0,0x0,0x0,0x0,0x0,0x0,0x0,0x0,0x0,0x0,0x0
Dozel,DozelDescendantName,DozelDescendantDesc,0x27,Civilian,0x1,0x0,IceAffinity,0x29,3,4,7,6,6,3,0,7,0,BRank,ARank,NoRank,NoRank,NoRank,NoRank,NoRank,NoRank,70,40,50,50,20,3,40,0x0,0x0,0x0,0x0,0x0,0x0,0x0,0x0,0x0,0x0,0x0
Feena,FeenaName,FeenaDesc,0x28,Dancer,0x1,0x0,AnimaAffinity,0x2b,1,15,9,10,9,4,4,16,0,ARank,BRank,NoRank,NoRank,NoRank,NoRank,NoRank,NoRank,80,45,50,40,30,35,45,0x0,0x0,0x0,0x0,0x0,IsFemale,0x0,0x0,0x0,0x0,0x0
Navarre,NavarreName,NavarreDesc,0x29,Swordmaster,0x1,0x0,LightAffinity,0x2a,10,4,0,5,4,2,6,9,0,NoRank,NoRank,NoRank,NoRank,NoRank,CRank,NoRank,NoRank,45,3,20,35,10,35,50,0x0,0x0,0x0,0x0,0x0,0x0,0x0,0x0,0x0,0x0,0x0
Kain,KainName,KainDesc,0x2a,Paladin,0x50,0x0,FireAffinity,0x0,10,22,11,18,17,8,0,14,0,ARank,ARank,NoRank,NoRank,NoRank,NoRank,NoRank,NoRank,90,30,60,60,20,3,50,0x0,0x0,0x0,0x0,0x0,0x0,0x0,0x0,0x0,0x0,0x0
Gordon,GordonName,GordonDesc,0x2b,Sniper,0x1,0x0,WindAffinity,0x2e,1,12,14,8,4,3,-3,3,0,NoRank,BRank,NoRank,NoRank,NoRank,NoRank,NoRank,NoRank,40,20,35,25,20,3,10,0x0,0x0,0x0,0x0,0x0,0x0,0x0,0x0,0x0,0x0,0x0
Banutu,BanutuName,BanutuDesc,0x2c,Mamkute,0x1,0x0,AnimaAffinity,0x2d,10,16,10,8,8,6,9,17,1,ARank,NoRank,NoRank,ARank,NoRank,NoRank,NoRank,NoRank,70,40,45,45,25,25,40,0x0,0x0,0x0,0x0,0x0,0x0,0x0,0x0,0x0,0x0,0x0
Cecil,CecilName,CecilDesc,0x2d,Ranger_F,0x1,0x0,FireAffinity,0x0,5,18,12,7,3,6,1,12,0,ARank,NoRank,NoRank,CRank,NoRank,NoRank,NoRank,NoRank,50,35,40,30,30,3,20,0x0,0x0,0x0,0x0,0x0,IsFemale,0x0,0x0,0x0,0x0,0x0
Ellis,EllisName,EllisDesc,0x2e,Bishop_F,0x51,0x0,LightAffinity,0x0,5,0,0,2,2,3,0,7,0,NoRank,NoRank,NoRank,NoRank,SRank,NoRank,BRank,NoRank,10,3,50,60,10,3,80,0x0,0x0,0x0,0x0,0x0,IsFemale,0x0,0x0,0x0,0x0,0x0
Elyosian,ElyosianRecruitName,ElyosianRecruitDesc,0x2f,Civilian,0x1,0x0,FireAffinity,0x0,10,22,11,18,17,8,0,14,0,ARank,ARank,NoRank,NoRank,NoRank,NoRank,NoRank,NoRank,90,30,60,60,20,3,50,0x0,0x0,0x0,0x0,0x0,0x0,0x0,0x0,0x0,0x0,0x0
Gato???,GatoName,GatoDesc,0x30,Sage,0x1,0x0,LightAffinity,0x0,5,0,0,2,2,3,0,7,0,NoRank,NoRank,NoRank,NoRank,SRank,NoRank,BRank,NoRank,10,3,50,60,10,3,80,0x0,0x0,0x0,0x0,0x0,0x0,0x0,0x0,0x0,0x0,0x0
Celica,CelicaName,CelicaDesc,0x31,MageFighter,0x4D,0x0,LightAffinity,0x0,20,13,14,15,12,9,1,23,0,SRank,NoRank,NoRank,NoRank,SRank,SRank,NoRank,NoRank,30,25,40,30,20,3,40,0x0,0x0,0x0,0x0,0x0,IsFemale,0x0,0x0,0x0,0x0,0x0
Roy,RoyName,RoyDesc,0x32,Swordmaster,0x4E,0x0,FireAffinity,0x0,20,31,16,14,14,12,14,30,0,SRank,NoRank,NoRank,NoRank,NoRank,NoRank,NoRank,NoRank,80,40,50,40,25,30,60,0x0,0x0,0x0,0x0,0x0,0x0,0x0,0x0,0x0,0x0,0x0
Mario,MarioName,MarioDesc,0x33,Brigand,0x6,0x0,FireAffinity,0x8,1,2,5,5,7,1,0,12,1,NoRank,NoRank,ARank,NoRank,NoRank,NoRank,NoRank,NoRank,90,50,30,35,20,3,80,0x0,0x0,0x0,0x0,0x0,0x0,MarioSupports|IsPointer,0x4,0x0,0x0,0x0
Luigi,LuigiName,LuigiDesc,0x34,Pirate,0x7,0x0,ThunderAffinity,0x9,1,2,2,8,10,3,3,4,0,NoRank,NoRank,ARank,NoRank,NoRank,NoRank,NoRank,NoRank,90,35,50,50,25,3,25,0x0,0x0,0x0,0x0,0x0,0x0,LuigiSupports|IsPointer,0xa,0x0,0x0,0x0
Peach,PeachName,PeachDesc,0x35,Cleric,0x8,0x0,AnimaAffinity,0xa,1,2,0,6,7,2,1,10,0,NoRank,NoRank,NoRank,NoRank,ARank,NoRank,BRank,NoRank,40,5,50,40,20,20,60,0x0,0x0,0x0,0x0,0x0,IsFemale,PeachSupports|IsPointer,0x5,0x0,0x0,0x0
Bowser,BowserName,BowserDesc,0x36,DragonKnight,0x9,0x0,DarkAffinity,0xb,1,4,6,2,2,4,0,4,1,CRank,BRank,NoRank,NoRank,NoRank,NoRank,NoRank,NoRank,90,50,25,25,40,3,25,0x0,0x0,0x0,0x0,0x0,0x0,BowserSupports|IsPointer,0x7,0x0,0x0,0x0
DK,DKName,DKDesc,0x37,LanceArmour,0xa,0x0,ThunderAffinity,0xc,1,2,5,9,6,1,0,8,1,CRank,ARank,CRank,NoRank,NoRank,NoRank,NoRank,NoRank,75,60,50,40,25,3,55,0x0,0x0,0x0,0x0,0x0,0x0,DKSupports|IsPointer,0x0,0x0,0x0,0x0
Toad,ToadName,ToadDesc,0x38,Thief,0xb,0x0,IceAffinity,0xd,1,8,5,13,7,3,0,3,-1,BRank,NoRank,NoRank,NoRank,NoRank,NoRank,NoRank,NoRank,80,30,70,75,15,3,35,0x0,0x0,0x0,0x0,0x0,0x0,ToadSupports|IsPointer,0x1,0x0,0x0,0x0
Wario,WarioName,WarioDesc,0x39,AxeKnight,0xc,0x0,FireAffinity,0x14,1,10,5,7,2,5,0,10,2,CRank,CRank,ARank,NoRank,NoRank,NoRank,NoRank,NoRank,90,50,10,20,40,3,60,0x0,0x0,0x0,0x0,0x0,0x0,WarioSupports|IsPointer,0x0,0x0,0x0,0x0
Daisy,DaisyName,DaisyDesc,0x3a,Mage_F,0xd,0x0,AnimaAffinity,0xf,1,3,0,4,5,1,1,8,0,NoRank,NoRank,NoRank,NoRank,CRank,BRank,NoRank,NoRank,60,3,40,40,20,10,50,0x0,0x0,0x0,0x0,0x0,IsFemale,DaisySupports|IsPointer,0x7,0x0,0x0,0x0
Yoshi,YoshiName,YoshiDesc,0x3b,LanceKnight,0xe,0x0,FireAffinity,0x10,1,10,1,6,6,4,0,13,0,CRank,ARank,NoRank,NoRank,NoRank,NoRank,NoRank,NoRank,90,25,50,60,30,3,70,0x0,0x0,0x0,0x0,0x0,0x0,YoshiSupports|IsPointer,0xa,0x0,0x0,0x0
Waluigi,WaluigiName,WaluigiDesc,0x3c,FreeKnight,0xf,0x0,ThunderAffinity,0x1f,1,10,3,6,7,2,2,4,-1,ARank,CRank,CRank,NoRank,NoRank,NoRank,NoRank,NoRank,60,30,50,60,15,5,35,0x0,0x0,0x0,0x0,0x0,0x0,WaluigiSupports|IsPointer,0x0,0x0,0x0,0x0
Link,LinkName,LinkDesc,0x3d,Mercenary,0x18,0x0,LightAffinity,0x19,1,6,5,6,2,4,0,5,0,ARank,NoRank,CRank,NoRank,NoRank,NoRank,NoRank,NoRank,90,60,60,20,30,3,30,0x0,0x0,0x0,0x0,0x0,0x0,LinkSupports|IsPointer,0x5,0x0,0x0,0x0
Zelda,ZeldaName,ZeldaDesc,0x3e,Thief,0x44,0x0,LightAffinity,0x0,0,0,0,0,0,0,0,0,0,DRank,NoRank,NoRank,NoRank,NoRank,NoRank,NoRank,NoRank,60,30,60,70,10,10,30,0x0,0x0,0x0,0x0,0x0,IsFemale,0x0,0x0,0x0,0x0,0x0
Sahasrahla,SahasrahlaName,SahasrahlaDesc,0x3f,Priest,0x45,0x0,AnimaAffinity,0x0,0,0,0,0,0,0,0,0,0,NoRank,NoRank,NoRank,NoRank,DRank,NoRank,NoRank,NoRank,50,3,30,20,20,20,40,0x0,0x0,0x0,0x0,0x0,0x0,0x0,0x0,0x0,0x0,0x0
Marin,MarinName,MarinDesc,0x40,Dancer,0x46,0x0,IceAffinity,0x0,0,0,0,0,0,0,0,0,0,DRank,NoRank,NoRank,NoRank,NoRank,NoRank,NoRank,NoRank,40,45,40,60,10,3,60,0x0,0x0,0x0,0x0,0x0,IsFemale,0x0,0x0,0x0,0x0,0x0
Saria,SariaName,SariaDesc,0x41,Mage_F,0x47,0x0,AnimaAffinity,0x0,0,0,0,0,0,0,0,0,0,NoRank,NoRank,NoRank,NoRank,NoRank,DRank,NoRank,NoRank,60,3,70,70,10,5,20,0x0,0x0,0x0,0x0,0x0,IsFemale,0x0,0x0,0x0,0x0,0x0
Happy Mask Salesman,SalesmanName,SalesmanDesc,0x42,0x7,0x1,0x0,DarkAffinity,0x0,3,11,8,9,4,5,4,4,1,ARank,ARank,NoRank,NoRank,NoRank,NoRank,NoRank,NoRank,80,55,45,40,45,30,25,0x0,0x0,0x0,0x0,0x0,0x0,0x0,0x0,0x0,0x0,0x0
Ganon,GanonName,GanonDesc,0x43,0x23,0x1,0x0,IceAffinity,0x0,13,25,12,10,9,6,11,3,1,NoRank,SRank,NoRank,NoRank,NoRank,NoRank,NoRank,NoRank,80,40,55,50,20,20,15,0x0,0x0,0x0,0x0,0x0,0x0,0x0,0x0,0x0,0x0,0x0
Kirby,KirbyName,KirbyDesc,0x44,Shaman,0x1a,0x0,AnimaAffinity,0x1c,1,1,3,7,8,3,0,12,0,NoRank,NoRank,NoRank,NoRank,CRank,NoRank,NoRank,ARank,30,3,50,60,20,10,70,0x0,0x0,0x0,0x0,0x0,0x0,KirbySupports|IsPointer,0x4,0x0,0x0,0x0
Dedede,DededeName,DededeDesc,0x45,Fighter,0x48,0x0,ThunderAffinity,0x0,0,0,0,0,0,0,0,0,0,NoRank,NoRank,DRank,NoRank,NoRank,NoRank,NoRank,NoRank,90,55,40,35,30,3,30,0x0,0x0,0x0,0x0,0x0,0x0,0x0,0x0,0x0,0x0,0x0
Meta Knight,MetaKnightName,MetaKnightDesc,0x46,Myrmidon,0x49,0x0,DarkAffinity,0x0,0,0,0,0,0,0,0,0,0,DRank,NoRank,NoRank,NoRank,NoRank,NoRank,NoRank,NoRank,65,35,50,60,15,3,40,0x0,0x0,0x0,0x0,0x0,0x0,0x0,0x0,0x0,0x0,0x0
Fox,FoxName,FoxDesc,0x47,Hunter,0x1b,0x0,FireAffinity,0x0,1,4,3,6,7,0,0,4,0,NoRank,NoRank,NoRank,ARank,NoRank,NoRank,NoRank,NoRank,50,40,30,70,10,3,20,0x0,0x0,0x0,0x0,0x0,0x0,FoxSupports|IsPointer,0x0,0x0,0x0,0x0
Falco,FalcoName,FalcoDesc,0x48,DragonKnight,0x4a,0x0,WindAffinity,0x25,1,0,3,2,3,0,0,20,0,NoRank,DRank,NoRank,NoRank,NoRank,NoRank,NoRank,NoRank,80,40,70,45,20,3,25,0x0,0x0,0x0,0x0,0x0,0x0,0x0,0x0,0x0,0x0,0x0
Peppy,PeppyName,PeppyDesc,0x49,Soldier,0x4b,0x0,AnimaAffinity,0x0,18,0,0,0,0,0,0,0,0,NoRank,DRank,NoRank,NoRank,NoRank,NoRank,NoRank,NoRank,90,35,60,30,25,3,40,0x0,0x0,0x0,0x0,0x0,0x0,0x0,0x0,0x0,0x0,0x0
Slippy,SlippyName,SlippyDesc,0x4a,Pirate,0x4c,0x0,IceAffinity,0x0,9,0,0,0,0,0,0,0,0,NoRank,NoRank,DRank,NoRank,NoRank,NoRank,NoRank,NoRank,50,30,30,70,10,3,80,0x0,0x0,0x0,0x0,0x0,0x0,0x0,0x0,0x0,0x0,0x0
Wolf,WolfName,WolfDesc,0x4b,0x2d,0x1,0x0,FireAffinity,0x0,10,12,8,7,4,3,5,7,0,NoRank,NoRank,NoRank,NoRank,NoRank,NoRank,NoRank,CRank,85,50,10,10,10,15,30,0x0,0x0,0x0,0x0,0x0,0x0,0x0,0x0,0x0,0x0,0x0
Ness,NessName,NessDesc,0x4c,Fighter,0x1f,0x0,AnimaAffinity,0x20,1,6,1,8,2,5,2,6,0,NoRank,NoRank,NoRank,NoRank,BRank,BRank,NoRank,NoRank,95,40,70,25,30,20,40,0x0,0x0,0x0,0x0,0x0,0x0,NessSupports|IsPointer,0x3,0x0,0x0,0x0
Paula,PaulaName,PaulaDesc,0x4d,Mage_F,0x20,0x0,IceAffinity,0x11,1,1,0,4,7,1,0,11,0,NoRank,NoRank,NoRank,NoRank,CRank,ARank,NoRank,NoRank,40,3,30,50,10,10,60,0x0,0x0,0x0,0x0,0x0,IsFemale,PaulaSupports|IsPointer,0x3,0x0,0x0,0x0
Jeff,JeffName,JeffDesc,0x4e,Archer,0x21,0x0,ThunderAffinity,0x23,1,4,4,6,6,1,0,8,0,NoRank,NoRank,NoRank,ARank,NoRank,NoRank,NoRank,NoRank,70,40,60,60,20,3,50,0x0,0x0,0x0,0x0,0x0,0x0,JeffSupports|IsPointer,0xa,0x0,0x0,0x0
Poo,PooName,PooDesc,0x4f,Myrmidon,0x22,0x0,IceAffinity,0x12,1,5,8,1,2,3,0,5,0,ARank,NoRank,NoRank,NoRank,NoRank,NoRank,NoRank,NoRank,65,60,30,40,20,3,30,0x0,0x0,0x0,0x0,0x0,0x0,PooSupports|IsPointer,0xa,0x0,0x0,0x0
Pokey,PokeyName,PokeyDesc,0x50,SwordArmour,0x23,0x0,DarkAffinity,0x24,1,6,6,5,3,4,0,4,1,BRank,BRank,BRank,NoRank,NoRank,NoRank,NoRank,NoRank,95,50,20,5,40,3,20,0x0,0x0,0x0,0x0,0x0,0x0,PokeySupports|IsPointer,0x0,0x0,0x0,0x0
Samus,SamusName,SamusDesc,0x51,Archer_F,0x19,0x0,DarkAffinity,0x1b,1,7,8,2,3,3,0,2,0,NoRank,NoRank,NoRank,ARank,NoRank,NoRank,NoRank,NoRank,90,70,30,30,20,3,10,0x0,0x0,0x0,0x0,0x0,IsFemale,SamusSupports|IsPointer,0xb,0x0,0x0,0x0
Pikachu,PikachuName,PikachuDesc,0x52,Mage,0x1c,0x0,ThunderAffinity,0x1d,1,0,0,8,9,1,0,13,-1,NoRank,NoRank,NoRank,NoRank,CRank,ARank,NoRank,NoRank,40,3,50,60,15,10,65,0x0,0x0,0x0,0x0,0x0,0x0,PikachuSupports|IsPointer,0x0,0x0,0x0,0x0
Jigglypuff,JigglypuffName,JigglypuffDesc,0x53,Cleric,0x1e,0x0,AnimaAffinity,0x22,1,12,0,3,3,0,2,14,-1,NoRank,NoRank,NoRank,NoRank,ARank,NoRank,CRank,NoRank,100,20,40,30,10,20,70,0x0,0x0,0x0,0x0,0x0,IsFemale,JigglypuffSupports|IsPointer,0xc,0x0,0x0,0x0
Mewtwo,MewtwoName,MewtwoDesc,0x54,LanceKnight,0x1d,0x0,FireAffinity,0x1e,1,6,8,2,6,0,0,8,0,ARank,ARank,NoRank,NoRank,NoRank,NoRank,NoRank,NoRank,65,60,30,50,10,3,40,0x0,0x0,0x0,0x0,0x0,0x0,0x0,0x4,0x0,0x0,0x0
Falcon,FalconName,FalconDesc,0x55,LanceKnight,0x1d,0x0,FireAffinity,0x1e,1,6,8,2,6,0,0,8,0,ARank,ARank,NoRank,NoRank,NoRank,NoRank,NoRank,NoRank,65,60,30,50,10,3,40,0x0,0x0,0x0,0x0,0x0,0x0,FalconSupports|IsPointer,0x4,0x0,0x0,0x0
Mr. Game and Watch,MrGameAndWatchName,MrGameAndWatchDesc,0x56,Hero,0x2c,0x0,DarkAffinity,0x0,15,25,10,11,7,5,12,3,0,SRank,NoRank,NoRank,NoRank,NoRank,NoRank,NoRank,NoRank,85,65,20,40,15,40,30,0x0,0x0,0x0,0x0,0x0,0x0,0x0,0x0,0x0,0x0,0x0
Popo,PopoName,PopoDesc,0x57,Hero,0x40,0x0,DarkAffinity,0x0,16,10,6,6,2,4,0,6,0,ARank,NoRank,NoRank,NoRank,NoRank,NoRank,NoRank,NoRank,75,45,50,40,20,45,15,0x0,0x0,0x0,0x0,0x0,0x0,0x0,0x0,0x0,0x0,0x0
Cecil Harvey,CecilFF4Name,CecilFF4Desc,0x58,FreeKnight,0x24,0x0,LightAffinity,0x28,1,6,5,5,5,3,1,10,0,ARank,CRank,NoRank,NoRank,NoRank,NoRank,NoRank,NoRank,85,45,40,40,25,5,40,0x0,0x0,0x0,0x0,0x0,0x0,CecilSupports|IsPointer,0x0,0x0,0x0,0x0
Rosa,RosaName,RosaDesc,0x59,Soldier,0x1,0x0,WindAffinity,0x27,1,10,3,10,6,2,0,7,0,CRank,ARank,NoRank,NoRank,NoRank,NoRank,NoRank,NoRank,75,40,60,50,20,3,40,0x0,0x0,0x0,0x0,0x0,IsFemale,ButzSupports|IsPointer,0x0,0x0,0x0,0x0
Kain Highwind,KainFF4Name,KainFF4Desc,0x5a,Mage,0x1,0x0,IceAffinity,0x26,1,1,4,8,7,2,1,3,0,NoRank,NoRank,NoRank,NoRank,BRank,ARank,NoRank,NoRank,50,25,40,50,10,20,20,0x0,0x0,0x0,0x0,0x0,0x0,TerraSupports|IsPointer,0x0,0x0,0x0,0x0
Rydia,RydiaName,RydiaDesc,0x5b,Sage,0x1,0x0,IceAffinity,0x0,7,14,5,1,3,0,1,9,0,NoRank,NoRank,NoRank,NoRank,NoRank,ARank,NoRank,NoRank,85,50,35,35,25,15,30,0x0,0x0,0x0,0x0,0x0,IsFemale,0x0,0x0,0x0,0x0,0x0
Butz,ButzName,ButzDesc,0x5c,Soldier,0x25,0x0,WindAffinity,0x27,1,10,3,10,6,2,0,7,0,CRank,ARank,NoRank,NoRank,NoRank,NoRank,NoRank,NoRank,75,40,60,50,20,3,40,0x0,0x0,0x0,0x0,0x0,0x0,ButzSupports|IsPointer,0x0,0x0,0x0,0x0
Lenna,LennaName,LennaDesc,0x5d,Brigand,0x1,0x0,DarkAffinity,0x0,8,15,5,10,7,4,7,1,0,NoRank,NoRank,NoRank,NoRank,NoRank,NoRank,NoRank,NoRank,85,50,10,10,10,15,30,0x0,0x0,0x0,0x0,0x0,IsFemale,0x0,0x0,0x0,0x0,0x0
Galuf,GalufName,GalufDesc,0x5e,DukeKnight,0x1,0x0,WindAffinity,0x0,8,14,5,9,6,4,4,0,0,NoRank,NoRank,NoRank,NoRank,NoRank,NoRank,NoRank,NoRank,85,50,10,10,10,15,30,0x0,0x0,0x0,0x0,0x0,0x0,0x0,0x0,0x0,0x0,0x0
Terra,TerraName,TerraDesc,0x5f,Mage,0x26,0x0,IceAffinity,0x26,1,1,4,8,7,2,1,3,0,NoRank,NoRank,NoRank,NoRank,BRank,ARank,NoRank,NoRank,50,25,40,50,10,20,20,0x0,0x0,0x0,0x0,0x0,IsFemale,TerraSupports|IsPointer,0x0,0x0,0x0,0x0
Celes,CelesName,CelesDesc,0x60,Sage_F,0x1,0x0,WindAffinity,0x0,1,0,0,0,0,0,0,0,0,NoRank,NoRank,NoRank,NoRank,NoRank,NoRank,NoRank,NoRank,85,50,10,10,10,15,30,0x0,0x0,0x0,0x0,0x0,IsFemale,0x0,0x0,0x0,0x0,0x0
Locke,LockeName,LockeDesc,0x61,Hero,0x1,0x0,FireAffinity,0x0,1,0,0,0,0,0,0,0,0,NoRank,NoRank,NoRank,NoRank,NoRank,NoRank,NoRank,NoRank,85,50,10,10,10,15,30,0x0,0x0,0x0,0x0,0x0,0x0,0x0,0x0,0x0,0x0,0x0
Ash,AshName,AshDesc,0x62,Mercenary,0x10,0x0,FireAffinity,0x5,1,4,2,6,5,2,0,11,0,ARank,NoRank,CRank,NoRank,NoRank,NoRank,NoRank,NoRank,60,30,70,75,10,3,60,0x0,0x0,0x0,0x0,0x0,0x0,AshSupports|IsPointer,0x3,0x0,0x0,0x0
Misty,MistyName,MistyDesc,0x63,Archer_F,0x11,0x0,IceAffinity,0x4,1,5,8,4,1,3,0,6,0,CRank,NoRank,NoRank,ARank,NoRank,NoRank,NoRank,NoRank,70,70,50,25,20,3,20,0x0,0x0,0x0,0x0,0x0,IsFemale,MistySupports|IsPointer,0x3,0x0,0x0,0x0
Brock,BrockName,BrockDesc,0x64,Fighter,0x12,0x0,ThunderAffinity,0x13,1,6,6,3,2,8,0,1,0,NoRank,NoRank,ARank,CRank,NoRank,NoRank,NoRank,NoRank,100,50,20,10,40,3,10,0x0,0x0,0x0,0x0,0x0,0x0,BrockSupports|IsPointer,0x7,0x0,0x0,0x0
Jessie,JessieName,JessieDesc,0x65,PegasusKnight,0x13,0x0,FireAffinity,0xe,1,0,3,5,7,4,1,5,0,BRank,BRank,NoRank,NoRank,NoRank,NoRank,NoRank,NoRank,70,25,40,50,20,5,30,0x0,0x0,0x0,0x0,0x0,IsFemale,JessieSupports|IsPointer,0x0,0x0,0x0,0x0
James,JamesName,JamesDesc,0x66,DragonKnight,0x14,0x0,WindAffinity,0x15,1,8,6,5,3,2,0,8,0,BRank,BRank,NoRank,NoRank,NoRank,NoRank,NoRank,NoRank,70,50,40,25,20,3,30,0x0,0x0,0x0,0x0,0x0,0x0,JamesSupports|IsPointer,0x4,0x0,0x0,0x0
May,MayName,MayDesc,0x67,Myrmidon_F,0x15,0x0,ThunderAffinity,0x16,1,3,4,7,5,3,0,10,1,ARank,NoRank,NoRank,NoRank,NoRank,NoRank,NoRank,NoRank,60,30,80,60,15,3,60,0x0,0x0,0x0,0x0,0x0,IsFemale,MaySupports|IsPointer,0x7,0x0,0x0,0x0
Dawn,DawnName,DawnDesc,0x68,Troubadour,0x16,0x0,LightAffinity,0x17,1,5,0,10,5,2,0,12,0,NoRank,NoRank,NoRank,NoRank,BRank,NoRank,BRank,NoRank,70,3,60,40,20,20,70,0x0,0x0,0x0,0x0,0x0,IsFemale,DawnSupports|IsPointer,0xc,0x0,0x0,0x0
Serena,SerenaName,SerenaDesc,0x69,FreeKnight,0x17,0x0,WindAffinity,0x18,1,3,6,3,3,3,0,7,0,ARank,BRank,NoRank,NoRank,NoRank,NoRank,NoRank,NoRank,70,40,50,50,20,3,40,0x0,0x0,0x0,0x0,0x0,IsFemale,SerenaSupports|IsPointer,0x6,0x0,0x0,0x0
Yugi,YugiName,YugiDesc,0x6a,Civilian,0x1,0x0,LightAffinity,0x0,8,7,5,0,1,2,6,4,0,CRank,NoRank,NoRank,NoRank,NoRank,NoRank,NoRank,NoRank,85,50,10,10,10,15,30,0x0,0x0,0x0,0x0,0x0,0x0,0x0,0x0,0x0,0x0,0x0
Joey,JoeyName,JoeyDesc,0x6b,Civilian,0x1,0x0,AnimaAffinity,0x0,13,31,13,10,8,7,9,9,2,ARank,SRank,ARank,NoRank,NoRank,NoRank,NoRank,NoRank,85,50,10,10,10,15,30,0x0,0x0,0x0,0x0,0x0,0x0,0x0,0x0,0x0,0x0,0x0
Tea,TeaName,TeaDesc,0x6c,Civilian,0x1,0x0,IceAffinity,0x0,18,55,20,15,10,23,21,9,0,NoRank,NoRank,NoRank,NoRank,ARank,NoRank,NoRank,SRank,60,20,30,35,15,15,25,0x0,0x0,0x0,0x0,0x0,IsFemale,0x0,0x0,0x0,0x0,0x0
Kaiba,KaibaName,KaibaDesc,0x6d,Civilian,0x1,0x0,DarkAffinity,0x0,13,25,11,11,7,6,8,6,1,ARank,ARank,NoRank,NoRank,NoRank,NoRank,NoRank,NoRank,60,20,30,35,15,15,25,0x0,0x0,0x0,0x0,0x0,0x0,0x0,0x0,0x0,0x0,0x0
Jaden,JadenName,JadenDesc,0x6e,Civilian,0x1,0x0,NoAffinity,0x0,0,0,0,0,0,0,0,0,0,NoRank,NoRank,NoRank,NoRank,NoRank,NoRank,NoRank,NoRank,60,20,30,35,15,15,25,0x0,0x0,0x0,0x0,0x0,0x0,0x0,0x0,0x0,0x0,0x0
Alexis,AlexisName,AlexisDesc,0x6f,Civilian,0x1,0x0,NoAffinity,0x0,0,0,0,0,0,0,0,0,0,NoRank,NoRank,NoRank,NoRank,NoRank,NoRank,NoRank,NoRank,60,20,30,35,15,15,25,0x0,0x0,0x0,0x0,0x0,IsFemale,0x0,0x0,0x0,0x0,0x0
Chazz,ChazzName,ChazzDesc,0x70,Civilian,0x1,0x0,NoAffinity,0x0,0,0,0,0,0,0,0,0,0,NoRank,NoRank,NoRank,NoRank,NoRank,NoRank,NoRank,NoRank,60,20,30,35,15,15,25,0x0,0x0,0x0,0x0,0x0,0x0,0x0,0x0,0x0,0x0,0x0
Olimar,OlimarName,OlimarDesc,0x71,Civilian,0x1,0x0,NoAffinity,0x0,0,0,0,0,0,0,0,0,0,NoRank,NoRank,NoRank,NoRank,NoRank,NoRank,NoRank,NoRank,60,20,30,35,15,15,25,0x0,0x0,0x0,0x0,0x0,0x0,0x0,0x0,0x0,0x0,0x0
Louie,LouieName,LouieDesc,0x72,Civilian,0x1,0x0,NoAffinity,0x0,0,0,0,0,0,0,0,0,0,NoRank,NoRank,NoRank,NoRank,NoRank,NoRank,NoRank,NoRank,60,20,30,35,15,15,25,0x0,0x0,0x0,0x0,0x0,0x0,0x0,0x0,0x0,0x0,0x0
President,PresidentName,PresidentDesc,0x73,Civilian,0x1,0x0,NoAffinity,0x0,0,0,0,0,0,0,0,0,0,NoRank,NoRank,NoRank,NoRank,NoRank,NoRank,NoRank,NoRank,60,20,30,35,15,15,25,0x0,0x0,0x0,0x0,0x0,0x0,0x0,0x0,0x0,0x0,0x0
Crono,CronoName,CronoDesc,0x74,Civilian,0x1,0x0,NoAffinity,0x0,0,0,0,0,0,0,0,0,0,NoRank,NoRank,NoRank,NoRank,NoRank,NoRank,NoRank,NoRank,60,20,30,35,15,15,25,0x0,0x0,0x0,0x0,0x0,0x0,0x0,0x0,0x0,0x0,0x0
Marle,MarleName,MarleDesc,0x75,Civilian,0x1,0x0,NoAffinity,0x0,0,0,0,0,0,0,0,0,0,NoRank,NoRank,NoRank,NoRank,NoRank,NoRank,NoRank,NoRank,60,20,30,35,15,15,25,0x0,0x0,0x0,0x0,0x0,IsFemale,0x0,0x0,0x0,0x0,0x0
Lucca,LuccaName,LuccaDesc,0x76,Civilian,0x1,0x0,NoAffinity,0x0,0,0,0,0,0,0,0,0,0,NoRank,NoRank,NoRank,NoRank,NoRank,NoRank,NoRank,NoRank,60,20,30,35,15,15,25,0x0,0x0,0x0,0x0,0x0,IsFemale,0x0,0x0,0x0,0x0,0x0
Sonic,SonicName,SonicDesc,0x77,Civilian,0x1,0x0,NoAffinity,0x0,0,0,0,0,0,0,0,0,0,NoRank,NoRank,NoRank,NoRank,NoRank,NoRank,NoRank,NoRank,60,20,30,35,15,15,25,0x0,0x0,0x0,0x0,0x0,0x0,0x0,0x0,0x0,0x0,0x0
Tails,TailsName,TailsDesc,0x78,Civilian,0x1,0x0,NoAffinity,0x0,0,0,0,0,0,0,0,0,0,NoRank,NoRank,NoRank,NoRank,NoRank,NoRank,NoRank,NoRank,60,20,30,35,15,15,25,0x0,0x0,0x0,0x0,0x0,0x0,0x0,0x0,0x0,0x0,0x0
Knuckles,KnucklesName,KnucklesDesc,0x79,Civilian,0x1,0x0,NoAffinity,0x0,0,0,0,0,0,0,0,0,0,NoRank,NoRank,NoRank,NoRank,NoRank,NoRank,NoRank,NoRank,60,20,30,35,15,15,25,0x0,0x0,0x0,0x0,0x0,0x0,0x0,0x0,0x0,0x0,0x0
Amy,AmyName,AmyDesc,0x7a,Civilian,0x1,0x0,NoAffinity,0x0,0,0,0,0,0,0,0,0,0,NoRank,NoRank,NoRank,NoRank,NoRank,NoRank,NoRank,NoRank,60,20,30,35,15,15,25,0x0,0x0,0x0,0x0,0x0,IsFemale,0x0,0x0,0x0,0x0,0x0
Robotnik,RobotnikName,RobotnikDesc,0x7b,Civilian,0x1,0x0,NoAffinity,0x0,0,0,0,0,0,0,0,0,0,NoRank,NoRank,NoRank,NoRank,NoRank,NoRank,NoRank,NoRank,60,20,30,35,15,15,25,0x0,0x0,0x0,0x0,0x0,0x0,0x0,0x0,0x0,0x0,0x0
Flynn,FlynnName,FlynnDesc,0x7c,Civilian,0x1,0x0,NoAffinity,0x0,0,0,0,0,0,0,0,0,0,NoRank,NoRank,NoRank,NoRank,NoRank,NoRank,NoRank,NoRank,60,20,30,35,15,15,25,0x0,0x0,0x0,0x0,0x0,0x0,0x0,0x0,0x0,0x0,0x0
Isabeau,IsabeauName,IsabeauDesc,0x7d,Civilian,0x1,0x0,NoAffinity,0x0,0,0,0,0,0,0,0,0,0,NoRank,NoRank,NoRank,NoRank,NoRank,NoRank,NoRank,NoRank,60,20,30,35,15,15,25,0x0,0x0,0x0,0x0,0x0,IsFemale,0x0,0x0,0x0,0x0,0x0
Jonathan,JonathanName,JonathanDesc,0x7e,Civilian,0x1,0x0,NoAffinity,0x0,0,0,0,0,0,0,0,0,0,NoRank,NoRank,NoRank,NoRank,NoRank,NoRank,NoRank,NoRank,60,20,30,35,15,15,25,0x0,0x0,0x0,0x0,0x0,0x0,0x0,0x0,0x0,0x0,0x0
Walter,WalterName,WalterDesc,0x7f,Civilian,0x1,0x0,NoAffinity,0x0,1,3,2,1,2,2,0,1,0,NoRank,NoRank,NoRank,NoRank,NoRank,NoRank,NoRank,NoRank,60,20,30,35,15,15,25,0x0,0x0,0x0,0x0,0x0,0x0,0x0,0x0,0x0,0x0,0x0
UNASSIGNED PLAYABLE SLOT,KrisFactionName,KrisFactionDesc,0x80,Civilian,0x1,0x0,NoAffinity,0x0,1,0,0,0,0,0,0,0,0,NoRank,NoRank,NoRank,NoRank,NoRank,NoRank,NoRank,NoRank,60,20,30,35,15,15,25,0x0,0x0,0x0,0x0,0x0,0x0,0x0,0x0,0x0,0x0,0x0
UNASSIGNED PLAYABLE SLOT,LythosName,LythosDesc,0x81,Civilian,0x1,0x0,NoAffinity,0x0,1,0,0,0,0,0,0,0,0,NoRank,NoRank,NoRank,NoRank,NoRank,NoRank,NoRank,NoRank,60,20,30,35,15,15,25,0x0,0x0,0x0,0x0,0x0,0x0,0x0,0x0,0x0,0x0,0x0
UNASSIGNED PLAYABLE SLOT,SamsianName,SamsianDesc,0x82,Civilian,0x1,0x0,NoAffinity,0x0,1,0,0,0,0,0,0,0,0,NoRank,NoRank,NoRank,NoRank,NoRank,NoRank,NoRank,NoRank,60,20,30,35,15,15,25,0x0,0x0,0x0,0x0,0x0,0x0,0x0,0x0,0x0,0x0,0x0
UNASSIGNED PLAYABLE SLOT,GardaName,GardaDesc,0x83,Civilian,0x1,0x0,NoAffinity,0x0,1,0,0,0,0,0,0,0,0,NoRank,NoRank,NoRank,NoRank,NoRank,NoRank,NoRank,NoRank,60,20,30,35,15,15,25,0x0,0x0,0x0,0x0,0x0,0x0,0x0,0x0,0x0,0x0,0x0
UNASSIGNED PLAYABLE SLOT,AkaneiaName,AkaneiaDesc,0x84,Civilian,0x1,0x0,NoAffinity,0x0,1,0,0,0,0,0,0,0,0,NoRank,NoRank,NoRank,NoRank,NoRank,NoRank,NoRank,NoRank,60,20,30,35,15,15,25,0x0,0x0,0x0,0x0,0x0,0x0,0x0,0x0,0x0,0x0,0x0
UNASSIGNED PLAYABLE SLOT,PirateName,PirateDesc,0x85,Civilian,0x1,0x0,NoAffinity,0x0,1,0,0,0,0,0,0,0,0,NoRank,NoRank,NoRank,NoRank,NoRank,NoRank,NoRank,NoRank,60,20,30,35,15,15,25,0x0,0x0,0x0,0x0,0x0,0x0,0x0,0x0,0x0,0x0,0x0
UNASSIGNED PLAYABLE SLOT,BrigandName,BrigandDesc,0x86,Civilian,0x1,0x0,NoAffinity,0x0,1,0,0,0,0,0,0,0,0,NoRank,NoRank,NoRank,NoRank,NoRank,NoRank,NoRank,NoRank,60,20,30,35,15,15,25,0x0,0x0,0x0,0x0,0x0,0x0,0x0,0x0,0x0,0x0,0x0
UNASSIGNED PLAYABLE SLOT,ColonialName,ColonialDesc,0x87,Civilian,0x1,0x0,NoAffinity,0x0,1,0,0,0,0,0,0,0,0,NoRank,NoRank,NoRank,NoRank,NoRank,NoRank,NoRank,NoRank,60,20,30,35,15,15,25,0x0,0x0,0x0,0x0,0x0,0x0,0x0,0x0,0x0,0x0,0x0
UNASSIGNED PLAYABLE SLOT,RogueBernName,RogueBernDesc,0x88,Civilian,0x1,0x0,NoAffinity,0x0,1,0,0,0,0,0,0,0,0,NoRank,NoRank,NoRank,NoRank,NoRank,NoRank,NoRank,NoRank,60,20,30,35,15,15,25,0x0,0x0,0x0,0x0,0x0,0x0,0x0,0x0,0x0,0x0,0x0
UNASSIGNED PLAYABLE SLOT,BernName,BernDesc,0x89,Civilian,0x1,0x0,NoAffinity,0x0,1,0,0,0,0,0,0,0,0,NoRank,NoRank,NoRank,NoRank,NoRank,NoRank,NoRank,NoRank,60,20,30,35,15,15,25,0x0,0x0,0x0,0x0,0x0,0x0,0x0,0x0,0x0,0x0,0x0
UNASSIGNED PLAYABLE SLOT,0x24d,0x2a9,0x8a,Civilian,0x1,0x0,NoAffinity,0x0,1,0,0,0,0,0,0,0,0,NoRank,NoRank,NoRank,NoRank,NoRank,NoRank,NoRank,NoRank,60,20,30,35,15,15,25,0x0,0x0,0x0,0x0,0x0,0x0,0x0,0x0,0x0,0x0,0x0
UNASSIGNED PLAYABLE SLOT,0x24d,0x2a9,0x8b,Civilian,0x1,0x0,NoAffinity,0x0,1,0,0,0,0,0,0,0,0,NoRank,NoRank,NoRank,NoRank,NoRank,NoRank,NoRank,NoRank,60,20,30,35,15,15,25,0x0,0x0,0x0,0x0,0x0,0x0,0x0,0x0,0x0,0x0,0x0
UNASSIGNED PLAYABLE SLOT,0x24d,0x2a9,0x8c,Civilian,0x1,0x0,NoAffinity,0x0,1,0,0,0,0,0,0,0,0,NoRank,NoRank,NoRank,NoRank,NoRank,NoRank,NoRank,NoRank,60,20,30,35,15,15,25,0x0,0x0,0x0,0x0,0x0,IsFemale,0x0,0x0,0x0,0x0,0x0
UNASSIGNED PLAYABLE SLOT,0x24e,0x2aa,0x8d,Civilian,0x1,0x0,NoAffinity,0x0,1,0,0,0,0,0,0,0,0,NoRank,NoRank,NoRank,NoRank,NoRank,NoRank,NoRank,NoRank,60,20,30,35,15,15,25,0x0,0x0,0x0,0x0,0x0,0x0,0x0,0x0,0x0,0x0,0x0
UNASSIGNED PLAYABLE SLOT,0x254,0x2ae,0x8e,Civilian,0x1,0x0,NoAffinity,0x0,1,0,0,0,0,0,0,0,0,NoRank,NoRank,NoRank,NoRank,NoRank,NoRank,NoRank,NoRank,60,20,30,35,15,15,25,0x0,0x0,0x0,0x0,0x0,0x0,0x0,0x0,0x0,0x0,0x0
UNASSIGNED PLAYABLE SLOT,0x24e,0x2aa,0x8f,Civilian,0x1,0x0,NoAffinity,0x0,1,0,0,0,0,0,0,0,0,NoRank,NoRank,NoRank,NoRank,NoRank,NoRank,NoRank,NoRank,60,20,30,35,15,15,25,0x0,0x0,0x0,0x0,0x0,0x0,0x0,0x0,0x0,0x0,0x0
UNASSIGNED PLAYABLE SLOT,0x24e,0x2aa,0x90,Civilian,0x1,0x0,NoAffinity,0x0,1,0,0,0,0,0,0,0,0,NoRank,NoRank,NoRank,NoRank,NoRank,NoRank,NoRank,NoRank,60,20,30,35,15,15,25,0x0,0x0,0x0,0x0,0x0,0x0,0x0,0x0,0x0,0x0,0x0
UNASSIGNED PLAYABLE SLOT,0x24e,0x2aa,0x91,Civilian,0x1,0x0,NoAffinity,0x0,1,0,0,0,0,0,0,0,0,NoRank,NoRank,NoRank,NoRank,NoRank,NoRank,NoRank,NoRank,60,20,30,35,15,15,25,0x0,0x0,0x0,0x0,0x0,0x0,0x0,0x0,0x0,0x0,0x0
UNASSIGNED PLAYABLE SLOT,0x267,0x0,0x92,Civilian,0x1,0x0,NoAffinity,0x0,0,0,0,0,0,0,0,0,0,NoRank,NoRank,NoRank,NoRank,NoRank,NoRank,NoRank,NoRank,0,0,0,0,0,0,0,0x0,0x0,0x0,0x0,0x0,0x0,0x0,0x0,0x0,0x0,0x0
UNASSIGNED PLAYABLE SLOT,0x267,0x0,0x93,Civilian,0x1,0x0,NoAffinity,0x0,0,0,0,0,0,0,0,0,0,NoRank,NoRank,NoRank,NoRank,NoRank,NoRank,NoRank,NoRank,0,0,0,0,0,0,0,0x0,0x0,0x0,0x0,0x0,0x0,0x0,0x0,0x0,0x0,0x0
UNASSIGNED PLAYABLE SLOT,0x267,0x0,0x94,Civilian,0x1,0x0,NoAffinity,0x0,0,0,0,0,0,0,0,0,0,NoRank,NoRank,NoRank,NoRank,NoRank,NoRank,NoRank,NoRank,0,0,0,0,0,0,0,0x0,0x0,0x0,0x0,0x0,0x0,0x0,0x0,0x0,0x0,0x0
UNASSIGNED PLAYABLE SLOT,0x267,0x0,0x95,Civilian,0x1,0x0,NoAffinity,0x0,0,0,0,0,0,0,0,0,0,NoRank,NoRank,NoRank,NoRank,NoRank,NoRank,NoRank,NoRank,0,0,0,0,0,0,0,0x0,0x0,0x0,0x0,0x0,0x0,0x0,0x0,0x0,0x0,0x0
UNASSIGNED PLAYABLE SLOT,0x267,0x0,0x96,Civilian,0x1,0x0,NoAffinity,0x0,0,0,0,0,0,0,0,0,0,NoRank,NoRank,NoRank,NoRank,NoRank,NoRank,NoRank,NoRank,0,0,0,0,0,0,0,0x0,0x0,0x0,0x0,0x0,0x0,0x0,0x0,0x0,0x0,0x0
"Kris (Ch1, Ch25)",KrisName,KrisDesc,0x97,Hero,0x2c,0x0,DarkAffinity,0x0,15,25,10,11,7,5,12,3,0,SRank,NoRank,NoRank,NoRank,NoRank,NoRank,NoRank,NoRank,85,65,20,40,15,40,30,0x0,0x0,0x0,0x0,0x0,IsBoss,0x0,0x0,0x0,0x0,0x0
Alear 1 (Ch5),AlearName,AlearDesc,0x98,DracoZombie,0x2b,0x0,LightAffinity,0x0,7,14,8,5,8,2,3,9,0,SRank,NoRank,NoRank,NoRank,NoRank,NoRank,NoRank,NoRank,85,50,10,10,10,15,30,0x0,0x0,0x0,0x0,0x0,IsBoss|IsFemale,0x0,0x0,0x0,0x0,0x0
Boucheron (Ch4),BoucheronName,BoucheronDesc,0x99,Fighter,0x34,0x0,AnimaAffinity,0x0,5,15,7,5,3,7,2,14,3,NoRank,NoRank,BRank,NoRank,NoRank,NoRank,NoRank,NoRank,85,50,10,10,10,15,30,0x0,0x0,0x0,0x0,0x0,IsBoss,0x0,0x0,0x0,0x0,0x0
Clanne (Ch5),ClanneName,ClanneDesc,0x9a,Mage,0x35,0x0,IceAffinity,0x0,7,14,5,1,3,0,1,9,0,NoRank,NoRank,NoRank,NoRank,NoRank,ARank,NoRank,NoRank,85,50,35,35,25,15,30,0x0,0x0,0x0,0x0,0x0,IsBoss,0x0,0x0,0x0,0x0,0x0
Ch5x Boss,0x255,0x2b1,0x9b,Civilian,0x0,0x0,DarkAffinity,0x0,1,0,0,0,0,0,0,0,0,NoRank,NoRank,NoRank,NoRank,NoRank,NoRank,NoRank,NoRank,60,20,30,35,15,15,25,0x0,0x0,0x0,0x0,0x0,0x0,0x0,0x0,0x0,0x0,0x0
Louis (Ch6),LouisName,LouisDesc,0x9c,General,0x43,0x0,DarkAffinity,0x0,9,10,7,3,3,2,0,5,0,NoRank,ARank,NoRank,NoRank,NoRank,NoRank,NoRank,NoRank,85,50,35,35,25,15,30,0x0,0x0,0x0,0x0,0x0,IsBoss,0x0,0x0,0x0,0x0,0x0
Ch7 Boss,Ch7BossName,Ch7BossDesc,0x9d,Brigand,0x0,0x0,DarkAffinity,0x0,8,15,5,10,7,4,7,1,0,NoRank,NoRank,CRank,NoRank,NoRank,NoRank,NoRank,NoRank,85,50,10,10,10,15,30,0x0,0x0,0x0,0x0,0x0,IsBoss,0x0,0x0,0x0,0x0,0x0
Amber (Ch8),AmberName,AmberDesc,0x9e,DukeKnight,0x53,0x0,WindAffinity,0x0,8,14,5,9,6,4,4,0,0,NoRank,ARank,NoRank,NoRank,NoRank,NoRank,NoRank,NoRank,85,50,10,10,10,15,30,0x0,0x0,0x0,0x0,0x0,IsBoss,0x0,0x0,0x0,0x0,0x0
Rogue Bern Boss (Ch9),RogueBernBossName,RogueBernBossDesc,0x9f,DragonMaster,0x54,0x0,ThunderAffinity,0x0,1,7,2,2,1,2,2,1,0,NoRank,ARank,NoRank,NoRank,NoRank,NoRank,NoRank,NoRank,85,50,35,35,15,15,30,0x0,0x0,0x0,0x0,0x0,IsBoss,0x0,0x0,0x0,0x0,0x0
Citrinne (Ch10),CitrinneName,CitrinneDesc,0xa0,Sage_F,0x57,0x0,WindAffinity,0x0,1,0,0,0,0,0,0,0,0,NoRank,NoRank,NoRank,NoRank,NoRank,ARank,NoRank,NoRank,85,50,10,10,10,15,30,0x0,0x0,0x0,0x0,0x0,IsBoss|IsFemale,0x0,0x0,0x0,0x0,0x0
Ch10 Sub-Boss,0x255,0x2b1,0xa1,Civilian,0x0,0x0,DarkAffinity,0x0,1,0,0,0,0,0,0,0,0,NoRank,NoRank,NoRank,NoRank,NoRank,NoRank,NoRank,NoRank,60,20,30,35,15,15,25,0x0,0x0,0x0,0x0,0x0,0x0,0x0,0x0,0x0,0x0,0x0
Ch10x Boss,0x255,0x2b1,0xa2,Civilian,0x0,0x0,DarkAffinity,0x0,1,0,0,0,0,0,0,0,0,NoRank,NoRank,NoRank,NoRank,NoRank,NoRank,NoRank,NoRank,60,20,30,35,15,15,25,0x0,0x0,0x0,0x0,0x0,IsBoss,0x0,0x0,0x0,0x0,0x0
Diamant (Ch11),DiamantName,DiamantDesc,0xa3,Hero,0x38,0x0,FireAffinity,0x0,1,0,0,0,0,0,0,0,0,SRank,NoRank,NoRank,NoRank,NoRank,NoRank,NoRank,NoRank,85,50,10,10,10,15,30,0x0,0x0,0x0,0x0,0x0,IsBoss,0x0,0x0,0x0,0x0,0x0
Alcryst (Ch12),AlcrystName,AlcrystDesc,0xa4,Sniper,0x39,0x0,IceAffinity,0x0,1,0,0,0,0,0,0,0,0,NoRank,NoRank,ARank,NoRank,NoRank,NoRank,NoRank,NoRank,85,50,10,10,10,15,30,0x0,0x0,0x0,0x0,0x0,IsBoss,0x0,0x0,0x0,0x0,0x0
Lapis (Ch12),LapisName,LapisDesc,0xa5,Swordmaster_F,0x1,0x0,NoAffinity,0x0,1,0,0,0,0,0,0,0,0,ARank,NoRank,NoRank,NoRank,NoRank,NoRank,NoRank,NoRank,0,0,0,0,0,0,0,0x0,0x0,0x0,0x0,0x0,0x0,0x0,0x0,0x0,0x0,0x0
Ch13x Boss,0x267,0x0,0xa6,Civilian,0x0,0x0,NoAffinity,0x0,0,0,0,0,0,0,0,0,0,NoRank,NoRank,NoRank,NoRank,NoRank,NoRank,NoRank,NoRank,0,0,0,0,0,0,0,0x0,0x0,0x0,0x0,0x0,IsBoss,0x0,0x0,0x0,0x0,0x0
Ch14 Boss,0x253,0x2ab,0xa7,Civilian,0x0,0x0,NoAffinity,0x0,1,0,0,0,0,0,0,0,0,NoRank,NoRank,NoRank,NoRank,NoRank,NoRank,NoRank,NoRank,60,20,30,35,15,15,25,0x0,0x0,0x0,0x0,0x0,IsBoss,0x0,0x0,0x0,0x0,0x0
Claire,0x251,0x2af,0xa8,Civilian,0x0,0x0,NoAffinity,0x0,1,0,0,0,0,0,0,0,0,NoRank,NoRank,NoRank,NoRank,NoRank,NoRank,NoRank,NoRank,60,20,30,35,15,15,25,0x0,0x0,0x0,0x0,0x0,IsFemale,0x0,0x0,0x0,0x0,0x0
Cleive,0x252,0x2b0,0xa9,Civilian,0x0,0x0,NoAffinity,0x0,1,0,0,0,0,0,0,0,0,NoRank,NoRank,NoRank,NoRank,NoRank,NoRank,NoRank,NoRank,60,20,30,35,15,15,25,0x0,0x0,0x0,0x0,0x0,IsBoss,0x0,0x0,0x0,0x0,0x0
Grey or Robin,0x255,0x2b1,0xaa,Civilian,0x0,0x0,DarkAffinity,0x0,1,0,0,0,0,0,0,0,0,NoRank,NoRank,NoRank,NoRank,NoRank,NoRank,NoRank,NoRank,60,20,30,35,15,15,25,0x0,0x0,0x0,0x0,0x0,0x0,0x0,0x0,0x0,0x0,0x0
Mycen,0x255,0x2b1,0xab,Civilian,0x0,0x0,DarkAffinity,0x0,1,0,0,0,0,0,0,0,0,NoRank,NoRank,NoRank,NoRank,NoRank,NoRank,NoRank,NoRank,60,20,30,35,15,15,25,0x0,0x0,0x0,0x0,0x0,0x0,0x0,0x0,0x0,0x0,0x0
Doma Faithful Remnant Boss,0x255,0x2b1,0xac,Civilian,0x0,0x0,DarkAffinity,0x0,1,0,0,0,0,0,0,0,0,NoRank,NoRank,NoRank,NoRank,NoRank,NoRank,NoRank,NoRank,60,20,30,35,15,15,25,0x0,0x0,0x0,0x0,0x0,0x0,0x0,0x0,0x0,0x0,0x0
Miletos Castle Boss,0x255,0x2b1,0xad,Civilian,0x0,0x0,DarkAffinity,0x0,1,0,0,0,0,0,0,0,0,NoRank,NoRank,NoRank,NoRank,NoRank,NoRank,NoRank,NoRank,60,20,30,35,15,15,25,0x0,0x0,0x0,0x0,0x0,IsBoss,0x0,0x0,0x0,0x0,0x0
Rados Castle Boss,0x255,0x2b1,0xae,Civilian,0x0,0x0,DarkAffinity,0x0,1,0,0,0,0,0,0,0,0,NoRank,NoRank,NoRank,NoRank,NoRank,NoRank,NoRank,NoRank,60,20,30,35,15,15,25,0x0,0x0,0x0,0x0,0x0,IsBoss,0x0,0x0,0x0,0x0,0x0
"""Robber Baron""",0x255,0x2b1,0xaf,Civilian,0x0,0x0,DarkAffinity,0x0,1,0,0,0,0,0,0,0,0,NoRank,NoRank,NoRank,NoRank,NoRank,NoRank,NoRank,NoRank,60,20,30,35,15,15,25,0x0,0x0,0x0,0x0,0x0,IsBoss,0x0,0x0,0x0,0x0,0x0
Alster Castle Boss,0x255,0x2b1,0xb0,Civilian,0x0,0x0,DarkAffinity,0x0,1,0,0,0,0,0,0,0,0,NoRank,NoRank,NoRank,NoRank,NoRank,NoRank,NoRank,NoRank,60,20,30,35,15,15,25,0x0,0x0,0x0,0x0,0x0,IsBoss,0x0,0x0,0x0,0x0,0x0
Melgen Castle Boss,0x255,0x2b1,0xb1,Civilian,0x0,0x0,DarkAffinity,0x0,1,0,0,0,0,0,0,0,0,NoRank,NoRank,NoRank,NoRank,NoRank,NoRank,NoRank,NoRank,60,20,30,35,15,15,25,0x0,0x0,0x0,0x0,0x0,IsBoss,0x0,0x0,0x0,0x0,0x0
"""King Harold Clone""",0x255,0x2b1,0xb2,Civilian,0x0,0x0,DarkAffinity,0x0,1,0,0,0,0,0,0,0,0,NoRank,NoRank,NoRank,NoRank,NoRank,NoRank,NoRank,NoRank,60,20,30,35,15,15,25,0x0,0x0,0x0,0x0,0x0,IsBoss,0x0,0x0,0x0,0x0,0x0
Dozel Castle Boss,0x255,0x2b1,0xb3,Civilian,0x0,0x0,DarkAffinity,0x0,1,0,0,0,0,0,0,0,0,NoRank,NoRank,NoRank,NoRank,NoRank,NoRank,NoRank,NoRank,60,20,30,35,15,15,25,0x0,0x0,0x0,0x0,0x0,IsBoss,0x0,0x0,0x0,0x0,0x0
"""Reptor""",0x255,0x2b1,0xb4,Civilian,0x0,0x0,DarkAffinity,0x0,1,0,0,0,0,0,0,0,0,NoRank,NoRank,NoRank,NoRank,NoRank,NoRank,NoRank,NoRank,60,20,30,35,15,15,25,0x0,0x0,0x0,0x0,0x0,IsBoss,0x0,0x0,0x0,0x0,0x0
Velthomer Castle Boss,0x255,0x2b1,0xb5,Civilian,0x0,0x0,DarkAffinity,0x0,1,0,0,0,0,0,0,0,0,NoRank,NoRank,NoRank,NoRank,NoRank,NoRank,NoRank,NoRank,60,20,30,35,15,15,25,0x0,0x0,0x0,0x0,0x0,IsBoss,0x0,0x0,0x0,0x0,0x0
Phinora Castle Boss,0x255,0x2b1,0xb6,Civilian,0x0,0x0,DarkAffinity,0x0,1,0,0,0,0,0,0,0,0,NoRank,NoRank,NoRank,NoRank,NoRank,NoRank,NoRank,NoRank,60,20,30,35,15,15,25,0x0,0x0,0x0,0x0,0x0,IsBoss,0x0,0x0,0x0,0x0,0x0
Darna Castle Boss,0x255,0x2b1,0xb7,Civilian,0x0,0x0,DarkAffinity,0x0,1,0,0,0,0,0,0,0,0,NoRank,NoRank,NoRank,NoRank,NoRank,NoRank,NoRank,NoRank,60,20,30,35,15,15,25,0x0,0x0,0x0,0x0,0x0,IsBoss,0x0,0x0,0x0,0x0,0x0
Hortensia,0x255,0x2b1,0xb8,Civilian,0x0,0x0,DarkAffinity,0x0,1,0,0,0,0,0,0,0,0,NoRank,NoRank,NoRank,NoRank,NoRank,NoRank,NoRank,NoRank,60,20,30,35,15,15,25,0x0,0x0,0x0,0x0,0x0,IsBoss,0x0,0x0,0x0,0x0,0x0
Yied Shrine Exterior Boss,0x255,0x2b1,0xb9,Civilian,0x0,0x0,DarkAffinity,0x0,1,0,0,0,0,0,0,0,0,NoRank,NoRank,NoRank,NoRank,NoRank,NoRank,NoRank,NoRank,60,20,30,35,15,15,25,0x0,0x0,0x0,0x0,0x0,IsBoss,0x0,0x0,0x0,0x0,0x0
Ivy,0x256,0x2b1,0xba,Civilian,0x0,0x0,DarkAffinity,0x0,1,0,0,0,0,0,0,0,0,NoRank,NoRank,NoRank,NoRank,NoRank,NoRank,NoRank,NoRank,100,0,0,0,0,0,0,0x0,0x0,0x0,0x0,0x0,IsBoss|IsFemale,0x0,0x0,0x0,0x0,0x0
"""Aida""",0x255,0x2b1,0xbb,Civilian,0x0,0x0,DarkAffinity,0x0,1,0,0,0,0,0,0,0,0,NoRank,NoRank,NoRank,NoRank,NoRank,NoRank,NoRank,NoRank,60,20,30,35,15,15,25,0x0,0x0,0x0,0x0,0x0,IsBoss|IsFemale,0x0,0x0,0x0,0x0,0x0
Ch21x Boss 1,0x255,0x2b1,0xbc,Civilian,0x0,0x0,DarkAffinity,0x0,1,0,0,0,0,0,0,0,0,NoRank,NoRank,NoRank,NoRank,NoRank,NoRank,NoRank,NoRank,60,20,30,35,15,15,25,0x0,0x0,0x0,0x0,0x0,IsBoss,0x0,0x0,0x0,0x0,0x0
Ch21x Boss 2,0x255,0x2b1,0xbd,Civilian,0x0,0x0,DarkAffinity,0x0,1,0,0,0,0,0,0,0,0,NoRank,NoRank,NoRank,NoRank,NoRank,NoRank,NoRank,NoRank,60,20,30,35,15,15,25,0x0,0x0,0x0,0x0,0x0,IsBoss,0x0,0x0,0x0,0x0,0x0
Ch22 Boss,0x25a,0x2b2,0xbe,Civilian,0x0,0x0,DarkAffinity,0x0,20,0,0,0,0,0,0,10,0,NoRank,NoRank,NoRank,NoRank,NoRank,NoRank,NoRank,NoRank,60,20,30,35,15,15,25,0x0,0x0,0x0,0x0,0x0,IsBoss,0x0,0x0,0x0,0x0,0x0
Ch22x Boss,0x267,0x0,0xbf,Civilian,0x0,0x0,NoAffinity,0x0,1,0,0,0,0,0,0,0,0,NoRank,NoRank,NoRank,NoRank,NoRank,NoRank,NoRank,NoRank,0,0,0,0,0,0,0,0x0,0x0,0x0,0x0,0x0,IsBoss,0x0,0x0,0x0,0x0,0x0
Ch23 Boss,0x262,0x2ba,0xc0,Civilian,0x0,0x0,NoAffinity,0x0,1,0,0,0,0,0,0,0,0,NoRank,NoRank,NoRank,NoRank,NoRank,NoRank,NoRank,NoRank,85,40,50,45,25,25,20,0x0,0x0,0x0,0x0,0x0,IsBoss,0x0,0x0,0x0,0x0,0x0
Katarina,0x262,0x2ba,0xc1,Civilian,0x0,0x0,NoAffinity,0x0,1,0,0,0,0,0,0,0,0,NoRank,NoRank,NoRank,NoRank,NoRank,NoRank,NoRank,NoRank,85,40,50,45,25,25,20,0x0,0x0,0x0,0x0,0x0,IsBoss|IsFemale,0x0,0x0,0x0,0x0,0x0
Ch25 Sub-Boss,0x267,0x0,0xc2,Civilian,0x0,0x0,NoAffinity,0x0,1,0,0,0,0,0,0,0,0,NoRank,NoRank,NoRank,NoRank,NoRank,NoRank,NoRank,NoRank,0,0,0,0,0,0,0,0x0,0x0,0x0,0x0,0x0,0x0,0x0,0x0,0x0,0x0,0x0
Ch25 Sub-Boss 2,0x267,0x0,0xc3,Civilian,0x0,0x0,NoAffinity,0x0,1,0,0,0,0,0,0,0,0,NoRank,NoRank,NoRank,NoRank,NoRank,NoRank,NoRank,NoRank,0,0,0,0,0,0,0,0x0,0x0,0x0,0x0,0x0,0x0,0x0,0x0,0x0,0x0,0x0
Veyle,0x267,0x0,0xc4,Civilian,0x0,0x0,NoAffinity,0x0,1,0,0,0,0,0,0,0,0,NoRank,NoRank,NoRank,NoRank,NoRank,NoRank,NoRank,NoRank,0,0,0,0,0,0,0,0x0,0x0,0x0,0x0,0x0,IsBoss|IsFemale,0x0,0x0,0x0,0x0,0x0
Framme,0x25b,0x2b3,0xc5,Civilian,0x51,0x0,FireAffinity,0x0,5,13,8,6,8,2,12,10,3,NoRank,NoRank,NoRank,NoRank,NoRank,NoRank,NoRank,NoRank,85,40,50,45,25,25,20,0x0,0x0,0x0,0x0,0x0,IsFemale,0x0,0x0,0x0,0x0,0x0
Vander,0x267,0x0,0xc6,Civilian,0x0,0x0,NoAffinity,0x0,1,0,0,0,0,0,0,0,0,NoRank,NoRank,NoRank,NoRank,NoRank,NoRank,NoRank,NoRank,0,0,0,0,0,0,0,0x0,0x0,0x0,0x0,0x0,0x0,0x0,0x0,0x0,0x0,0x0
Ch27x Boss,0x25c,0x2b4,0xc7,Civilian,0x52,0x0,AnimaAffinity,0x0,1,0,0,0,0,0,0,0,1,NoRank,NoRank,NoRank,NoRank,NoRank,NoRank,NoRank,NoRank,85,40,50,45,25,25,20,0x0,0x0,0x0,0x0,0x0,IsBoss,0x0,0x0,0x0,0x0,0x0
Ch27x Sub-Boss,0x25e,0x2b5,0xc8,Civilian,0x53,0x0,LightAffinity,0x0,17,11,11,3,2,5,8,17,0,NoRank,NoRank,NoRank,NoRank,NoRank,NoRank,NoRank,NoRank,85,40,50,45,25,25,20,0x0,0x0,0x0,0x0,0x0,0x0,0x0,0x0,0x0,0x0,0x0
Plumeria,0x25d,0x2b6,0xc9,Civilian,0x54,0x0,AnimaAffinity,0x0,1,0,0,0,0,0,0,0,0,NoRank,NoRank,NoRank,NoRank,NoRank,NoRank,NoRank,NoRank,85,40,50,45,25,25,20,0x0,0x0,0x0,0x0,0x0,IsBoss|IsFemale,0x0,0x0,0x0,0x0,0x0
Fjorm,0x25f,0x2b7,0xca,Civilian,0x55,0x0,DarkAffinity,0x0,1,0,0,0,0,0,0,0,0,NoRank,NoRank,NoRank,NoRank,NoRank,NoRank,NoRank,NoRank,85,40,50,45,25,25,20,0x0,0x0,0x0,0x0,0x0,IsBoss|IsFemale,0x0,0x0,0x0,0x0,0x0
Idoun,0x260,0x2b8,0xcb,Civilian,0x56,0x0,WindAffinity,0x0,4,14,10,9,11,4,12,12,0,ARank,NoRank,NoRank,NoRank,NoRank,NoRank,NoRank,NoRank,75,30,60,55,20,25,30,0x0,0x0,0x0,0x0,0x0,IsFemale,0x0,0x0,0x0,0x0,0x0
Doma,0x261,0x2b9,0xcc,Civilian,0x69,0x0,WindAffinity,0x0,1,3,2,2,5,0,2,7,0,NoRank,DRank,NoRank,NoRank,NoRank,NoRank,NoRank,NoRank,85,40,50,45,25,25,20,0x0,0x0,0x0,0x0,0x0,0x0,0x0,0x0,0x0,0x0,0x0
Trabant,0x263,0x2bb,0xcd,Civilian,0x0,0x0,NoAffinity,0x0,1,0,0,0,0,0,0,0,0,NoRank,NoRank,NoRank,NoRank,NoRank,NoRank,NoRank,NoRank,85,40,50,45,25,25,20,0x0,0x0,0x0,0x0,0x0,0x0,0x0,0x0,0x0,0x0,0x0
Loputousu,0x263,0x2bb,0xce,Civilian,0x0,0x0,NoAffinity,0x0,1,0,0,0,0,0,0,0,0,NoRank,NoRank,NoRank,NoRank,NoRank,NoRank,NoRank,NoRank,85,40,50,45,25,25,20,0x0,0x0,0x0,0x0,0x0,0x0,0x0,0x0,0x0,0x0,0x0
Mediuth,0x267,0x0,0xcf,Civilian,0x0,0x0,NoAffinity,0x0,0,0,0,0,0,0,0,0,0,NoRank,NoRank,NoRank,NoRank,NoRank,NoRank,NoRank,NoRank,0,0,0,0,0,0,0,0x0,0x0,0x0,0x0,0x0,0x0,0x0,0x0,0x0,0x0,0x0
Sombron,0x267,0x0,0xd0,Civilian,0x0,0x0,NoAffinity,0x0,0,0,0,0,0,0,0,0,0,NoRank,NoRank,NoRank,NoRank,NoRank,NoRank,NoRank,NoRank,0,0,0,0,0,0,0,0x0,0x0,0x0,0x0,0x0,0x0,0x0,0x0,0x0,0x0,0x0
Fomortiis,0x267,0x0,0xd1,Civilian,0x0,0x0,NoAffinity,0x0,0,0,0,0,0,0,0,0,0,NoRank,NoRank,NoRank,NoRank,NoRank,NoRank,NoRank,NoRank,0,0,0,0,0,0,0,0x0,0x0,0x0,0x0,0x0,0x0,0x0,0x0,0x0,0x0,0x0
Ashnard,0x267,0x0,0xd2,Civilian,0x0,0x0,NoAffinity,0x0,0,0,0,0,0,0,0,0,0,NoRank,NoRank,NoRank,NoRank,NoRank,NoRank,NoRank,NoRank,0,0,0,0,0,0,0,0x0,0x0,0x0,0x0,0x0,0x0,0x0,0x0,0x0,0x0,0x0
Surtr,0x267,0x0,0xd3,Civilian,0x0,0x0,NoAffinity,0x0,0,0,0,0,0,0,0,0,0,NoRank,NoRank,NoRank,NoRank,NoRank,NoRank,NoRank,NoRank,0,0,0,0,0,0,0,0x0,0x0,0x0,0x0,0x0,IsBoss,0x0,0x0,0x0,0x0,0x0
Heroes Anna,0x267,0x0,0xd4,Civilian,0x0,0x0,NoAffinity,0x0,0,0,0,0,0,0,0,0,0,NoRank,NoRank,NoRank,NoRank,NoRank,NoRank,NoRank,NoRank,0,0,0,0,0,0,0,0x0,0x0,0x0,0x0,0x0,IsBoss|IsFemale,0x0,0x0,0x0,0x0,0x0
Sharena,0x267,0x0,0xd5,Civilian,0x0,0x0,NoAffinity,0x0,0,0,0,0,0,0,0,0,0,NoRank,NoRank,NoRank,NoRank,NoRank,NoRank,NoRank,NoRank,0,0,0,0,0,0,0,0x0,0x0,0x0,0x0,0x0,IsBoss|IsFemale,0x0,0x0,0x0,0x0,0x0
Seasonal Alt 1,0x267,0x0,0xd6,Civilian,0x0,0x0,NoAffinity,0x0,0,0,0,0,0,0,0,0,0,NoRank,NoRank,NoRank,NoRank,NoRank,NoRank,NoRank,NoRank,0,0,0,0,0,0,0,0x0,0x0,0x0,0x0,0x0,0x0,0x0,0x0,0x0,0x0,0x0
Seasonal Alt 2,0x267,0x0,0xd7,Civilian,0x0,0x0,NoAffinity,0x0,0,0,0,0,0,0,0,0,0,NoRank,NoRank,NoRank,NoRank,NoRank,NoRank,NoRank,NoRank,0,0,0,0,0,0,0,0x0,0x0,0x0,0x0,0x0,0x0,0x0,0x0,0x0,0x0,0x0
Seasonal Alt 3,0x267,0x0,0xd8,Civilian,0x0,0x0,NoAffinity,0x0,0,0,0,0,0,0,0,0,0,NoRank,NoRank,NoRank,NoRank,NoRank,NoRank,NoRank,NoRank,0,0,0,0,0,0,0,0x0,0x0,0x0,0x0,0x0,0x0,0x0,0x0,0x0,0x0,0x0
Veronica,0x267,0x0,0xd9,Civilian,0x0,0x0,NoAffinity,0x0,0,0,0,0,0,0,0,0,0,NoRank,NoRank,NoRank,NoRank,NoRank,NoRank,NoRank,NoRank,0,0,0,0,0,0,0,0x0,0x0,0x0,0x0,0x0,IsBoss|IsFemale,0x0,0x0,0x0,0x0,0x0
Alfonse,0x267,0x0,0xda,Civilian,0x0,0x0,NoAffinity,0x0,0,0,0,0,0,0,0,0,0,NoRank,NoRank,NoRank,NoRank,NoRank,NoRank,NoRank,NoRank,0,0,0,0,0,0,0,0x0,0x0,0x0,0x0,0x0,IsBoss,0x0,0x0,0x0,0x0,0x0
Final Sub-Boss 1,0x267,0x0,0xdb,Civilian,0x0,0x0,NoAffinity,0x0,0,0,0,0,0,0,0,0,0,NoRank,NoRank,NoRank,NoRank,NoRank,NoRank,NoRank,NoRank,0,0,0,0,0,0,0,0x0,0x0,0x0,0x0,0x0,0x0,0x0,0x0,0x0,0x0,0x0
Final Sub-Boss 2,0x267,0x0,0xdc,Civilian,0x0,0x0,NoAffinity,0x0,0,0,0,0,0,0,0,0,0,NoRank,NoRank,NoRank,NoRank,NoRank,NoRank,NoRank,NoRank,0,0,0,0,0,0,0,0x0,0x0,0x0,0x0,0x0,0x0,0x0,0x0,0x0,0x0,0x0
Final Sub-Boss 3,0x267,0x0,0xdd,Civilian,0x0,0x0,NoAffinity,0x0,0,0,0,0,0,0,0,0,0,NoRank,NoRank,NoRank,NoRank,NoRank,NoRank,NoRank,NoRank,0,0,0,0,0,0,0,0x0,0x0,0x0,0x0,0x0,0x0,0x0,0x0,0x0,0x0,0x0
Final Sub-Boss 4,0x267,0x0,0xde,Civilian,0x0,0x0,NoAffinity,0x0,0,0,0,0,0,0,0,0,0,NoRank,NoRank,NoRank,NoRank,NoRank,NoRank,NoRank,NoRank,0,0,0,0,0,0,0,0x0,0x0,0x0,0x0,0x0,0x0,0x0,0x0,0x0,0x0,0x0
Kris's Soldiers (Ch1-3),KrisFactionName,KrisFactionDesc,0xdf,Civilian,0x0,0x3,NoAffinity,0x0,1,0,0,0,0,0,0,0,0,NoRank,NoRank,NoRank,NoRank,NoRank,NoRank,NoRank,NoRank,60,20,30,35,15,15,25,0x0,0x0,0x0,0x0,0x0,0x0,0x0,0x0,0x0,0x0,0x0
Lythos Soldier (Ch4-6),LythosName,LythosDesc,0xe0,Civilian,0x0,0x3,NoAffinity,0x0,1,0,0,0,0,0,0,0,0,NoRank,NoRank,NoRank,NoRank,NoRank,NoRank,NoRank,NoRank,60,20,30,35,15,15,25,0x0,0x0,0x0,0x0,0x0,0x0,0x0,0x0,0x0,0x0,0x0
Samsian (Ch3)/Pirate (Ch6)/Brigand (Ch7),BrigandName,BrigandDesc,0xe1,Civilian,0x0,0x3,NoAffinity,0x0,1,0,0,0,0,0,0,0,0,NoRank,NoRank,NoRank,NoRank,NoRank,NoRank,NoRank,NoRank,60,20,30,35,15,15,25,0x0,0x0,0x0,0x0,0x0,0x0,0x0,0x0,0x0,0x0,0x0
Garda Garrison (Ch4) / Ostian Soldier (Ch11),GardaName,GardaDesc,0xe2,Civilian,0x0,0x3,NoAffinity,0x0,1,0,0,0,0,0,0,0,0,NoRank,NoRank,NoRank,NoRank,NoRank,NoRank,NoRank,NoRank,60,20,30,35,15,15,25,0x0,0x0,0x0,0x0,0x0,0x0,0x0,0x0,0x0,0x0,0x0
Akaneian Soldier (Ch?),AkaneiaName,AkaneiaDesc,0xe3,Civilian,0x0,0x3,NoAffinity,0x0,1,0,0,0,0,0,0,0,0,NoRank,NoRank,NoRank,NoRank,NoRank,NoRank,NoRank,NoRank,60,20,30,35,15,15,25,0x0,0x0,0x0,0x0,0x0,0x0,0x0,0x0,0x0,0x0,0x0
Colonial Faction Soldiers (Ch8),ColonialName,ColonialDesc,0xe4,Civilian,0x0,0x3,NoAffinity,0x0,1,0,0,0,0,0,0,0,0,NoRank,NoRank,NoRank,NoRank,NoRank,NoRank,NoRank,NoRank,60,20,30,35,15,15,25,0x0,0x0,0x0,0x0,0x0,0x0,0x0,0x0,0x0,0x0,0x0
"Rogue Bern Soldiers (Ch9,10)",RogueBernName,RogueBernDesc,0xe5,Civilian,0x0,0x3,NoAffinity,0x0,1,0,0,0,0,0,0,0,0,NoRank,NoRank,NoRank,NoRank,NoRank,NoRank,NoRank,NoRank,60,20,30,35,15,15,25,0x0,0x0,0x0,0x0,0x0,0x0,0x0,0x0,0x0,0x0,0x0
Loyal Bern Soldiers (Ch9),BernName,BernDesc,0xe6,Civilian,0x0,0x3,NoAffinity,0x0,1,0,0,0,0,0,0,0,0,NoRank,NoRank,NoRank,NoRank,NoRank,NoRank,NoRank,NoRank,60,20,30,35,15,15,25,0x0,0x0,0x0,0x0,0x0,0x0,0x0,0x0,0x0,0x0,0x0
Valencian Soldier,0x267,0x0,0xe7,Civilian,0x0,0x3,NoAffinity,0x0,0,0,0,0,0,0,0,0,0,NoRank,NoRank,NoRank,NoRank,NoRank,NoRank,NoRank,NoRank,0,0,0,0,0,0,0,0x0,0x0,0x0,0x0,0x0,0x0,0x0,0x0,0x0,0x0,0x0
Doma Faithful Member,0x267,0x0,0xe8,Civilian,0x0,0x3,NoAffinity,0x0,0,0,0,0,0,0,0,0,0,NoRank,NoRank,NoRank,NoRank,NoRank,NoRank,NoRank,NoRank,0,0,0,0,0,0,0,0x0,0x0,0x0,0x0,0x0,0x0,0x0,0x0,0x0,0x0,0x0
Miletosian Soldier,0x267,0x0,0xe9,Civilian,0x0,0x3,NoAffinity,0x0,0,0,0,0,0,0,0,0,0,NoRank,NoRank,NoRank,NoRank,NoRank,NoRank,NoRank,NoRank,0,0,0,0,0,0,0,0x0,0x0,0x0,0x0,0x0,0x0,0x0,0x0,0x0,0x0,0x0
Thracian Soldier,0x267,0x0,0xea,Civilian,0x0,0x3,NoAffinity,0x0,0,0,0,0,0,0,0,0,0,NoRank,NoRank,NoRank,NoRank,NoRank,NoRank,NoRank,NoRank,0,0,0,0,0,0,0,0x0,0x0,0x0,0x0,0x0,0x0,0x0,0x0,0x0,0x0,0x0
Verdanian Soldier,0x267,0x0,0xeb,Civilian,0x0,0x3,NoAffinity,0x0,0,0,0,0,0,0,0,0,0,NoRank,NoRank,NoRank,NoRank,NoRank,NoRank,NoRank,NoRank,0,0,0,0,0,0,0,0x0,0x0,0x0,0x0,0x0,0x0,0x0,0x0,0x0,0x0,0x0
Freegian Soldier,0x267,0x0,0xec,Civilian,0x0,0x3,NoAffinity,0x0,0,0,0,0,0,0,0,0,0,NoRank,NoRank,NoRank,NoRank,NoRank,NoRank,NoRank,NoRank,0,0,0,0,0,0,0,0x0,0x0,0x0,0x0,0x0,0x0,0x0,0x0,0x0,0x0,0x0
Yiedian Soldier,0x267,0x0,0xed,Civilian,0x0,0x3,NoAffinity,0x0,0,0,0,0,0,0,0,0,0,NoRank,NoRank,NoRank,NoRank,NoRank,NoRank,NoRank,NoRank,0,0,0,0,0,0,0,0x0,0x0,0x0,0x0,0x0,0x0,0x0,0x0,0x0,0x0,0x0
Lopt Sect Member,0x267,0x0,0xee,Civilian,0x0,0x3,NoAffinity,0x0,0,0,0,0,0,0,0,0,0,NoRank,NoRank,NoRank,NoRank,NoRank,NoRank,NoRank,NoRank,0,0,0,0,0,0,0,0x0,0x0,0x0,0x0,0x0,0x0,0x0,0x0,0x0,0x0,0x0
Degenerated Dragon,0x267,0x0,0xef,Civilian,0x0,0x3,NoAffinity,0x0,0,0,0,0,0,0,0,0,0,NoRank,NoRank,NoRank,NoRank,NoRank,NoRank,NoRank,NoRank,0,0,0,0,0,0,0,0x0,0x0,0x0,0x0,0x0,0x0,0x0,0x0,0x0,0x0,0x0
Firenese Soldier,0x267,0x0,0xf0,Civilian,0x0,0x3,NoAffinity,0x0,0,0,0,0,0,0,0,0,0,NoRank,NoRank,NoRank,NoRank,NoRank,NoRank,NoRank,NoRank,0,0,0,0,0,0,0,0x0,0x0,0x0,0x0,0x0,0x0,0x0,0x0,0x0,0x0,0x0
Brodian Soldier,0x267,0x0,0xf1,Civilian,0x0,0x3,NoAffinity,0x0,0,0,0,0,0,0,0,0,0,NoRank,NoRank,NoRank,NoRank,NoRank,NoRank,NoRank,NoRank,0,0,0,0,0,0,0,0x0,0x0,0x0,0x0,0x0,0x0,0x0,0x0,0x0,0x0,0x0
Askran Soldier,0x267,0x0,0xf2,Civilian,0x0,0x3,NoAffinity,0x0,0,0,0,0,0,0,0,0,0,NoRank,NoRank,NoRank,NoRank,NoRank,NoRank,NoRank,NoRank,0,0,0,0,0,0,0,0x0,0x0,0x0,0x0,0x0,0x0,0x0,0x0,0x0,0x0,0x0
Merlinus,0x267,0x0,0xf3,Civilian,0x0,0x0,NoAffinity,0x0,0,0,0,0,0,0,0,0,0,NoRank,NoRank,NoRank,NoRank,NoRank,NoRank,NoRank,NoRank,0,0,0,0,0,0,0,0x0,0x0,0x0,0x0,0x0,0x0,0x0,0x0,0x0,0x0,0x0
Garret,0x266,0x2bd,0xf4,Civilian,0x0,0x5,NoAffinity,0x0,1,0,0,0,0,2,0,0,0,NoRank,NoRank,NoRank,NoRank,NoRank,NoRank,NoRank,NoRank,85,25,60,10,15,15,25,0x0,0x0,0x0,0x0,0x0,0x0,0x0,0x0,0x0,0x0,0x0
Wallace,0x266,0x2bd,0xf5,Civilian,0x0,0x5,NoAffinity,0x0,1,0,0,0,0,2,0,0,0,NoRank,NoRank,NoRank,NoRank,NoRank,NoRank,NoRank,NoRank,85,25,60,10,15,15,25,0x0,0x0,0x0,0x0,0x0,0x0,0x0,0x0,0x0,0x0,0x0
Marcus,0x266,0x2bd,0xf6,Civilian,0x0,0x5,NoAffinity,0x0,1,0,0,0,0,2,0,0,0,NoRank,NoRank,NoRank,NoRank,NoRank,NoRank,NoRank,NoRank,85,25,60,10,15,15,25,0x0,0x0,0x0,0x0,0x0,0x0,0x0,0x0,0x0,0x0,0x0
Barth,BarthName,BarthDesc,0xf7,General,0x4F,0x0,IceAffinity,0x2c,5,16,14,9,8,9,1,5,3,ARank,ARank,ARank,NoRank,NoRank,NoRank,NoRank,NoRank,100,60,25,20,40,2,20,0x0,0x0,0x0,0x0,0x0,0x0,0x0,0x0,0x0,0x0,0x0
Wendy,0x266,0x2bd,0xf8,Civilian,0x0,0x5,NoAffinity,0x0,1,0,0,0,0,2,0,0,0,NoRank,NoRank,NoRank,NoRank,NoRank,NoRank,NoRank,NoRank,85,25,60,10,15,15,25,0x0,0x0,0x0,0x0,0x0,IsFemale,0x0,0x0,0x0,0x0,0x0
Lucina (Ch1),LucinaName,LucinaDesc,0xf9,Civilian,0x27,0x0,LightAffinity,0x0,9,15,6,6,2,4,0,6,0,SRank,NoRank,NoRank,NoRank,NoRank,NoRank,NoRank,NoRank,85,50,10,10,10,15,30,0x0,0x0,0x0,0x0,0x0,IsBoss|IsFemale,0x0,0x0,0x0,0x0,0x0
Lyn (Ch2),LynName,LynDesc,0xfa,Civilian,0x28,0x0,WindAffinity,0x0,10,25,10,7,4,8,0,11,1,ARank,NoRank,NoRank,SRank,NoRank,NoRank,NoRank,NoRank,85,50,35,35,25,15,30,0x0,0x0,0x0,0x0,0x0,IsBoss|IsFemale,0x0,0x0,0x0,0x0,0x0
Leaf (Ch3),LeafName,LeafDesc,0xfb,Civilian,0x29,0x0,AnimaAffinity,0x0,11,20,6,6,8,4,0,8,0,ARank,ARank,ARank,ARank,NoRank,NoRank,NoRank,NoRank,85,65,10,10,20,20,30,0x0,0x0,0x0,0x0,0x0,IsBoss,0x0,0x0,0x0,0x0,0x0
Byleth (Ch4),BylethName,BylethDesc,0xfc,Civilian,0x2a,0x0,DarkAffinity,0x0,12,20,7,5,3,7,2,14,2,SRank,NoRank,ARank,NoRank,NoRank,NoRank,NoRank,NoRank,85,50,45,45,30,20,20,0x0,0x0,0x0,0x0,0x0,IsBoss,0x0,0x0,0x0,0x0,0x0
0xFD Enemy (Arena),0x267,0x0,0xfd,Brigand,0x0,0x0,NoAffinity,0x0,0,0,0,0,0,0,0,0,0,NoRank,NoRank,NoRank,NoRank,NoRank,NoRank,NoRank,NoRank,0,0,0,0,0,0,0,0x0,0x0,0x0,0x0,0x0,0x0,0x0,0x0,0x0,0x0,0x0
0xFE Wall,0x268,0x0,0xfe,Brigand,0x0,0x0,NoAffinity,0x0,0,0,0,0,0,0,0,0,0,NoRank,NoRank,NoRank,NoRank,NoRank,NoRank,NoRank,NoRank,0,0,0,0,0,0,0,0x0,0x0,0x0,0x0,0x0,0x0,0x0,0x0,0x0,0x0,0x0
0xFF Snag,0x269,0x0,0xff,Brigand,0x0,0x0,NoAffinity,0x0,0,0,0,0,0,0,0,0,0,NoRank,NoRank,NoRank,NoRank,NoRank,NoRank,NoRank,NoRank,0,0,0,0,0,0,0,0x0,0x0,0x0,0x0,0x0,0x0,0x0,0x0,0x0,0x0,0x0
